Entity;Code;Year;Democracy score
Afghanistan;AFG;2006;3.06
Afghanistan;AFG;2008;3.02
Afghanistan;AFG;2010;2.48
Afghanistan;AFG;2011;2.48
Afghanistan;AFG;2012;2.48
Afghanistan;AFG;2013;2.48
Afghanistan;AFG;2014;2.77
Afghanistan;AFG;2015;2.77
Afghanistan;AFG;2016;2.55
Afghanistan;AFG;2017;2.55
Afghanistan;AFG;2018;2.97
Afghanistan;AFG;2019;2.85
Afghanistan;AFG;2020;2.85
Afghanistan;AFG;2021;0.32
Afghanistan;AFG;2022;0.32
Africa;;2006;4.1094
Africa;;2008;4.14
Africa;;2010;4.0696
Africa;;2011;4.2586
Africa;;2012;4.3148003
Africa;;2013;4.3224
Africa;;2014;4.2966
Africa;;2015;4.317
Africa;;2016;4.2964
Africa;;2017;4.2812
Africa;;2018;4.289
Africa;;2019;4.2212
Africa;;2020;4.1164002
Africa;;2021;4.0716
Africa;;2022;4.075
Africa;;2023;4.3351164
Albania;ALB;2006;5.91
Albania;ALB;2008;5.91
Albania;ALB;2010;5.86
Albania;ALB;2011;5.81
Albania;ALB;2012;5.67
Albania;ALB;2013;5.67
Albania;ALB;2014;5.67
Albania;ALB;2015;5.91
Albania;ALB;2016;5.91
Albania;ALB;2017;5.98
Albania;ALB;2018;5.98
Albania;ALB;2019;5.89
Albania;ALB;2020;6.08
Albania;ALB;2021;6.11
Albania;ALB;2022;6.41
Albania;ALB;2023;6.28
Algeria;DZA;2006;3.17
Algeria;DZA;2008;3.32
Algeria;DZA;2010;3.44
Algeria;DZA;2011;3.44
Algeria;DZA;2012;3.83
Algeria;DZA;2013;3.83
Algeria;DZA;2014;3.83
Algeria;DZA;2015;3.95
Algeria;DZA;2016;3.56
Algeria;DZA;2017;3.56
Algeria;DZA;2018;3.5
Algeria;DZA;2019;4.01
Algeria;DZA;2020;3.77
Algeria;DZA;2021;3.77
Algeria;DZA;2022;3.66
Algeria;DZA;2023;3.66
Angola;AGO;2006;2.41
Angola;AGO;2008;3.35
Angola;AGO;2010;3.32
Angola;AGO;2011;3.32
Angola;AGO;2012;3.35
Angola;AGO;2013;3.35
Angola;AGO;2014;3.35
Angola;AGO;2015;3.35
Angola;AGO;2016;3.4
Angola;AGO;2017;3.62
Angola;AGO;2018;3.62
Angola;AGO;2019;3.72
Angola;AGO;2020;3.66
Angola;AGO;2021;3.37
Angola;AGO;2022;3.96
Angola;AGO;2023;4.18
Argentina;ARG;2006;6.63
Argentina;ARG;2008;6.63
Argentina;ARG;2010;6.84
Argentina;ARG;2011;6.84
Argentina;ARG;2012;6.84
Argentina;ARG;2013;6.84
Argentina;ARG;2014;6.84
Argentina;ARG;2015;7.02
Argentina;ARG;2016;6.96
Argentina;ARG;2017;6.96
Argentina;ARG;2018;7.02
Argentina;ARG;2019;7.02
Argentina;ARG;2020;6.95
Argentina;ARG;2021;6.81
Argentina;ARG;2022;6.85
Argentina;ARG;2023;6.62
Armenia;ARM;2006;4.15
Armenia;ARM;2008;4.09
Armenia;ARM;2010;4.09
Armenia;ARM;2011;4.09
Armenia;ARM;2012;4.09
Armenia;ARM;2013;4.02
Armenia;ARM;2014;4.13
Armenia;ARM;2015;4
Armenia;ARM;2016;3.88
Armenia;ARM;2017;4.11
Armenia;ARM;2018;4.79
Armenia;ARM;2019;5.54
Armenia;ARM;2020;5.35
Armenia;ARM;2021;5.49
Armenia;ARM;2022;5.63
Armenia;ARM;2023;5.42
Asia;;2006;4.3789363
Asia;;2008;4.450851
Asia;;2010;4.4323406
Asia;;2011;4.3987236
Asia;;2012;4.4325533
Asia;;2013;4.4748936
Asia;;2014;4.5123405
Asia;;2015;4.4919147
Asia;;2016;4.4817023
Asia;;2017;4.4070215
Asia;;2018;4.41617
Asia;;2019;4.397234
Asia;;2020;4.3457446
Asia;;2021;4.236809
Asia;;2022;4.2282977
Asia;;2023;4.963333
Australia;AUS;2006;9.09
Australia;AUS;2008;9.09
Australia;AUS;2010;9.22
Australia;AUS;2011;9.22
Australia;AUS;2012;9.22
Australia;AUS;2013;9.13
Australia;AUS;2014;9.01
Australia;AUS;2015;9.01
Australia;AUS;2016;9.01
Australia;AUS;2017;9.09
Australia;AUS;2018;9.09
Australia;AUS;2019;9.09
Australia;AUS;2020;8.96
Australia;AUS;2021;8.9
Australia;AUS;2022;8.71
Australia;AUS;2023;8.66
Austria;AUT;2006;8.69
Austria;AUT;2008;8.49
Austria;AUT;2010;8.49
Austria;AUT;2011;8.49
Austria;AUT;2012;8.62
Austria;AUT;2013;8.48
Austria;AUT;2014;8.54
Austria;AUT;2015;8.54
Austria;AUT;2016;8.41
Austria;AUT;2017;8.42
Austria;AUT;2018;8.29
Austria;AUT;2019;8.29
Austria;AUT;2020;8.16
Austria;AUT;2021;8.07
Austria;AUT;2022;8.2
Austria;AUT;2023;8.28
Azerbaijan;AZE;2006;3.31
Azerbaijan;AZE;2008;3.19
Azerbaijan;AZE;2010;3.15
Azerbaijan;AZE;2011;3.15
Azerbaijan;AZE;2012;3.15
Azerbaijan;AZE;2013;3.06
Azerbaijan;AZE;2014;2.83
Azerbaijan;AZE;2015;2.71
Azerbaijan;AZE;2016;2.65
Azerbaijan;AZE;2017;2.65
Azerbaijan;AZE;2018;2.65
Azerbaijan;AZE;2019;2.75
Azerbaijan;AZE;2020;2.68
Azerbaijan;AZE;2021;2.68
Azerbaijan;AZE;2022;2.87
Azerbaijan;AZE;2023;2.8
Bahrain;BHR;2006;3.53
Bahrain;BHR;2008;3.38
Bahrain;BHR;2010;3.49
Bahrain;BHR;2011;2.92
Bahrain;BHR;2012;2.53
Bahrain;BHR;2013;2.87
Bahrain;BHR;2014;2.87
Bahrain;BHR;2015;2.79
Bahrain;BHR;2016;2.79
Bahrain;BHR;2017;2.71
Bahrain;BHR;2018;2.71
Bahrain;BHR;2019;2.55
Bahrain;BHR;2020;2.49
Bahrain;BHR;2021;2.52
Bahrain;BHR;2022;2.52
Bahrain;BHR;2023;2.52
Bangladesh;BGD;2006;6.11
Bangladesh;BGD;2008;5.52
Bangladesh;BGD;2010;5.87
Bangladesh;BGD;2011;5.86
Bangladesh;BGD;2012;5.86
Bangladesh;BGD;2013;5.86
Bangladesh;BGD;2014;5.78
Bangladesh;BGD;2015;5.73
Bangladesh;BGD;2016;5.73
Bangladesh;BGD;2017;5.43
Bangladesh;BGD;2018;5.57
Bangladesh;BGD;2019;5.88
Bangladesh;BGD;2020;5.99
Bangladesh;BGD;2021;5.99
Bangladesh;BGD;2022;5.99
Bangladesh;BGD;2023;5.87
Belarus;BLR;2006;3.34
Belarus;BLR;2008;3.34
Belarus;BLR;2010;3.34
Belarus;BLR;2011;3.16
Belarus;BLR;2012;3.04
Belarus;BLR;2013;3.04
Belarus;BLR;2014;3.69
Belarus;BLR;2015;3.62
Belarus;BLR;2016;3.54
Belarus;BLR;2017;3.13
Belarus;BLR;2018;3.13
Belarus;BLR;2019;2.48
Belarus;BLR;2020;2.59
Belarus;BLR;2021;2.41
Belarus;BLR;2022;1.99
Belgium;BEL;2006;8.15
Belgium;BEL;2008;8.16
Belgium;BEL;2010;8.05
Belgium;BEL;2011;8.05
Belgium;BEL;2012;8.05
Belgium;BEL;2013;8.05
Belgium;BEL;2014;7.93
Belgium;BEL;2015;7.93
Belgium;BEL;2016;7.77
Belgium;BEL;2017;7.78
Belgium;BEL;2018;7.78
Belgium;BEL;2019;7.64
Belgium;BEL;2020;7.51
Belgium;BEL;2021;7.51
Belgium;BEL;2022;7.64
Belgium;BEL;2023;7.64
Benin;BEN;2006;6.16
Benin;BEN;2008;6.06
Benin;BEN;2010;6.17
Benin;BEN;2011;6.06
Benin;BEN;2012;6
Benin;BEN;2013;5.87
Benin;BEN;2014;5.65
Benin;BEN;2015;5.72
Benin;BEN;2016;5.67
Benin;BEN;2017;5.61
Benin;BEN;2018;5.74
Benin;BEN;2019;5.09
Benin;BEN;2020;4.58
Benin;BEN;2021;4.19
Benin;BEN;2022;4.28
Benin;BEN;2023;4.68
Bhutan;BTN;2006;2.62
Bhutan;BTN;2008;4.3
Bhutan;BTN;2010;4.68
Bhutan;BTN;2011;4.57
Bhutan;BTN;2012;4.65
Bhutan;BTN;2013;4.82
Bhutan;BTN;2014;4.87
Bhutan;BTN;2015;4.93
Bhutan;BTN;2016;4.93
Bhutan;BTN;2017;5.08
Bhutan;BTN;2018;5.3
Bhutan;BTN;2019;5.3
Bhutan;BTN;2020;5.71
Bhutan;BTN;2021;5.71
Bhutan;BTN;2022;5.54
Bhutan;BTN;2023;5.54
Bolivia;BOL;2006;5.98
Bolivia;BOL;2008;6.15
Bolivia;BOL;2010;5.92
Bolivia;BOL;2011;5.84
Bolivia;BOL;2012;5.84
Bolivia;BOL;2013;5.79
Bolivia;BOL;2014;5.79
Bolivia;BOL;2015;5.75
Bolivia;BOL;2016;5.63
Bolivia;BOL;2017;5.49
Bolivia;BOL;2018;5.7
Bolivia;BOL;2019;4.84
Bolivia;BOL;2020;5.08
Bolivia;BOL;2021;4.65
Bolivia;BOL;2022;4.51
Bolivia;BOL;2023;4.2
Bosnia and Herzegovina;BIH;2006;5.78
Bosnia and Herzegovina;BIH;2008;5.7
Bosnia and Herzegovina;BIH;2010;5.32
Bosnia and Herzegovina;BIH;2011;5.24
Bosnia and Herzegovina;BIH;2012;5.11
Bosnia and Herzegovina;BIH;2013;5.02
Bosnia and Herzegovina;BIH;2014;4.78
Bosnia and Herzegovina;BIH;2015;4.83
Bosnia and Herzegovina;BIH;2016;4.87
Bosnia and Herzegovina;BIH;2017;4.87
Bosnia and Herzegovina;BIH;2018;4.98
Bosnia and Herzegovina;BIH;2019;4.86
Bosnia and Herzegovina;BIH;2020;4.84
Bosnia and Herzegovina;BIH;2021;5.04
Bosnia and Herzegovina;BIH;2022;5
Bosnia and Herzegovina;BIH;2023;5
Botswana;BWA;2006;7.6
Botswana;BWA;2008;7.47
Botswana;BWA;2010;7.63
Botswana;BWA;2011;7.63
Botswana;BWA;2012;7.85
Botswana;BWA;2013;7.98
Botswana;BWA;2014;7.87
Botswana;BWA;2015;7.87
Botswana;BWA;2016;7.87
Botswana;BWA;2017;7.81
Botswana;BWA;2018;7.81
Botswana;BWA;2019;7.81
Botswana;BWA;2020;7.62
Botswana;BWA;2021;7.73
Botswana;BWA;2022;7.73
Botswana;BWA;2023;7.73
Brazil;BRA;2006;7.38
Brazil;BRA;2008;7.38
Brazil;BRA;2010;7.12
Brazil;BRA;2011;7.12
Brazil;BRA;2012;7.12
Brazil;BRA;2013;7.12
Brazil;BRA;2014;7.38
Brazil;BRA;2015;6.96
Brazil;BRA;2016;6.9
Brazil;BRA;2017;6.86
Brazil;BRA;2018;6.97
Brazil;BRA;2019;6.86
Brazil;BRA;2020;6.92
Brazil;BRA;2021;6.86
Brazil;BRA;2022;6.78
Brazil;BRA;2023;6.68
Bulgaria;BGR;2006;7.1
Bulgaria;BGR;2008;7.02
Bulgaria;BGR;2010;6.84
Bulgaria;BGR;2011;6.78
Bulgaria;BGR;2012;6.72
Bulgaria;BGR;2013;6.83
Bulgaria;BGR;2014;6.73
Bulgaria;BGR;2015;7.14
Bulgaria;BGR;2016;7.01
Bulgaria;BGR;2017;7.03
Bulgaria;BGR;2018;7.03
Bulgaria;BGR;2019;7.03
Bulgaria;BGR;2020;6.71
Bulgaria;BGR;2021;6.64
Bulgaria;BGR;2022;6.53
Bulgaria;BGR;2023;6.41
Burkina Faso;BFA;2006;3.72
Burkina Faso;BFA;2008;3.6
Burkina Faso;BFA;2010;3.59
Burkina Faso;BFA;2011;3.59
Burkina Faso;BFA;2012;3.52
Burkina Faso;BFA;2013;4.15
Burkina Faso;BFA;2014;4.09
Burkina Faso;BFA;2015;4.7
Burkina Faso;BFA;2016;4.7
Burkina Faso;BFA;2017;4.75
Burkina Faso;BFA;2018;4.75
Burkina Faso;BFA;2019;4.04
Burkina Faso;BFA;2020;3.73
Burkina Faso;BFA;2021;3.84
Burkina Faso;BFA;2022;3.08
Burkina Faso;BFA;2023;2.73
Burundi;BDI;2006;4.51
Burundi;BDI;2008;4.51
Burundi;BDI;2010;4.01
Burundi;BDI;2011;4.01
Burundi;BDI;2012;3.6
Burundi;BDI;2013;3.41
Burundi;BDI;2014;3.33
Burundi;BDI;2015;2.49
Burundi;BDI;2016;2.4
Burundi;BDI;2017;2.33
Burundi;BDI;2018;2.33
Burundi;BDI;2019;2.15
Burundi;BDI;2020;2.14
Burundi;BDI;2021;2.13
Burundi;BDI;2022;2.13
Burundi;BDI;2023;2.13
Cambodia;KHM;2006;4.77
Cambodia;KHM;2008;4.87
Cambodia;KHM;2010;4.87
Cambodia;KHM;2011;4.87
Cambodia;KHM;2012;4.96
Cambodia;KHM;2013;4.6
Cambodia;KHM;2014;4.78
Cambodia;KHM;2015;4.27
Cambodia;KHM;2016;4.27
Cambodia;KHM;2017;3.63
Cambodia;KHM;2018;3.59
Cambodia;KHM;2019;3.53
Cambodia;KHM;2020;3.1
Cambodia;KHM;2021;2.9
Cambodia;KHM;2022;3.18
Cambodia;KHM;2023;3.05
Cameroon;CMR;2006;3.27
Cameroon;CMR;2008;3.46
Cameroon;CMR;2010;3.41
Cameroon;CMR;2011;3.41
Cameroon;CMR;2012;3.44
Cameroon;CMR;2013;3.41
Cameroon;CMR;2014;3.41
Cameroon;CMR;2015;3.66
Cameroon;CMR;2016;3.46
Cameroon;CMR;2017;3.61
Cameroon;CMR;2018;3.28
Cameroon;CMR;2019;2.85
Cameroon;CMR;2020;2.77
Cameroon;CMR;2021;2.56
Cameroon;CMR;2022;2.56
Cameroon;CMR;2023;2.56
Canada;CAN;2006;9.07
Canada;CAN;2008;9.07
Canada;CAN;2010;9.08
Canada;CAN;2011;9.08
Canada;CAN;2012;9.08
Canada;CAN;2013;9.08
Canada;CAN;2014;9.08
Canada;CAN;2015;9.08
Canada;CAN;2016;9.15
Canada;CAN;2017;9.15
Canada;CAN;2018;9.15
Canada;CAN;2019;9.22
Canada;CAN;2020;9.24
Canada;CAN;2021;8.87
Canada;CAN;2022;8.88
Canada;CAN;2023;8.69
Cape Verde;CPV;2006;7.43
Cape Verde;CPV;2008;7.81
Cape Verde;CPV;2010;7.94
Cape Verde;CPV;2011;7.92
Cape Verde;CPV;2012;7.92
Cape Verde;CPV;2013;7.92
Cape Verde;CPV;2014;7.81
Cape Verde;CPV;2015;7.81
Cape Verde;CPV;2016;7.94
Cape Verde;CPV;2017;7.88
Cape Verde;CPV;2018;7.88
Cape Verde;CPV;2019;7.78
Cape Verde;CPV;2020;7.65
Cape Verde;CPV;2021;7.65
Cape Verde;CPV;2022;7.65
Cape Verde;CPV;2023;7.65
Central African Republic;CAF;2006;1.61
Central African Republic;CAF;2008;1.86
Central African Republic;CAF;2010;1.82
Central African Republic;CAF;2011;1.82
Central African Republic;CAF;2012;1.99
Central African Republic;CAF;2013;1.49
Central African Republic;CAF;2014;1.49
Central African Republic;CAF;2015;1.57
Central African Republic;CAF;2016;1.61
Central African Republic;CAF;2017;1.52
Central African Republic;CAF;2018;1.52
Central African Republic;CAF;2019;1.32
Central African Republic;CAF;2020;1.32
Central African Republic;CAF;2021;1.43
Central African Republic;CAF;2022;1.35
Chad;TCD;2006;1.65
Chad;TCD;2008;1.52
Chad;TCD;2010;1.52
Chad;TCD;2011;1.62
Chad;TCD;2012;1.62
Chad;TCD;2013;1.5
Chad;TCD;2014;1.5
Chad;TCD;2015;1.5
Chad;TCD;2016;1.5
Chad;TCD;2017;1.5
Chad;TCD;2018;1.61
Chad;TCD;2019;1.61
Chad;TCD;2020;1.55
Chad;TCD;2021;1.67
Chad;TCD;2022;1.67
Chile;CHL;2006;7.89
Chile;CHL;2008;7.89
Chile;CHL;2010;7.67
Chile;CHL;2011;7.54
Chile;CHL;2012;7.54
Chile;CHL;2013;7.8
Chile;CHL;2014;7.8
Chile;CHL;2015;7.84
Chile;CHL;2016;7.78
Chile;CHL;2017;7.84
Chile;CHL;2018;7.97
Chile;CHL;2019;8.08
Chile;CHL;2020;8.28
Chile;CHL;2021;7.92
Chile;CHL;2022;8.22
Chile;CHL;2023;7.98
China;CHN;2006;2.97
China;CHN;2008;3.04
China;CHN;2010;3.14
China;CHN;2011;3.14
China;CHN;2012;3
China;CHN;2013;3
China;CHN;2014;3
China;CHN;2015;3.14
China;CHN;2016;3.14
China;CHN;2017;3.1
China;CHN;2018;3.32
China;CHN;2019;2.26
China;CHN;2020;2.27
China;CHN;2021;2.21
China;CHN;2022;1.94
China;CHN;2023;2.12
Colombia;COL;2006;6.4
Colombia;COL;2008;6.54
Colombia;COL;2010;6.55
Colombia;COL;2011;6.63
Colombia;COL;2012;6.63
Colombia;COL;2013;6.55
Colombia;COL;2014;6.55
Colombia;COL;2015;6.62
Colombia;COL;2016;6.67
Colombia;COL;2017;6.67
Colombia;COL;2018;6.96
Colombia;COL;2019;7.13
Colombia;COL;2020;7.04
Colombia;COL;2021;6.48
Colombia;COL;2022;6.72
Colombia;COL;2023;6.55
Comoros;COM;2006;3.9
Comoros;COM;2008;3.58
Comoros;COM;2010;3.41
Comoros;COM;2011;3.52
Comoros;COM;2012;3.52
Comoros;COM;2013;3.52
Comoros;COM;2014;3.52
Comoros;COM;2015;3.71
Comoros;COM;2016;3.71
Comoros;COM;2017;3.71
Comoros;COM;2018;3.71
Comoros;COM;2019;3.15
Comoros;COM;2020;3.09
Comoros;COM;2021;3.2
Comoros;COM;2022;3.2
Comoros;COM;2023;3.04
Congo;COG;2006;3.19
Congo;COG;2008;2.94
Congo;COG;2010;2.89
Congo;COG;2011;2.89
Congo;COG;2012;2.89
Congo;COG;2013;2.89
Congo;COG;2014;2.89
Congo;COG;2015;2.91
Congo;COG;2016;2.91
Congo;COG;2017;3.25
Congo;COG;2018;3.31
Congo;COG;2019;3.11
Congo;COG;2020;3.11
Congo;COG;2021;2.79
Congo;COG;2022;2.79
Congo;COG;2023;2.79
Costa Rica;CRI;2006;8.04
Costa Rica;CRI;2008;8.04
Costa Rica;CRI;2010;8.04
Costa Rica;CRI;2011;8.1
Costa Rica;CRI;2012;8.1
Costa Rica;CRI;2013;8.03
Costa Rica;CRI;2014;8.03
Costa Rica;CRI;2015;7.96
Costa Rica;CRI;2016;7.88
Costa Rica;CRI;2017;7.88
Costa Rica;CRI;2018;8.07
Costa Rica;CRI;2019;8.13
Costa Rica;CRI;2020;8.16
Costa Rica;CRI;2021;8.07
Costa Rica;CRI;2022;8.29
Costa Rica;CRI;2023;8.29
Cote d'Ivoire;CIV;2006;3.38
Cote d'Ivoire;CIV;2008;3.27
Cote d'Ivoire;CIV;2010;3.02
Cote d'Ivoire;CIV;2011;3.08
Cote d'Ivoire;CIV;2012;3.25
Cote d'Ivoire;CIV;2013;3.25
Cote d'Ivoire;CIV;2014;3.53
Cote d'Ivoire;CIV;2015;3.31
Cote d'Ivoire;CIV;2016;3.81
Cote d'Ivoire;CIV;2017;3.93
Cote d'Ivoire;CIV;2018;4.15
Cote d'Ivoire;CIV;2019;4.05
Cote d'Ivoire;CIV;2020;4.11
Cote d'Ivoire;CIV;2021;4.22
Cote d'Ivoire;CIV;2022;4.22
Cote d'Ivoire;CIV;2023;4.22
Croatia;HRV;2006;7.04
Croatia;HRV;2008;7.04
Croatia;HRV;2010;6.81
Croatia;HRV;2011;6.73
Croatia;HRV;2012;6.93
Croatia;HRV;2013;6.93
Croatia;HRV;2014;6.93
Croatia;HRV;2015;6.93
Croatia;HRV;2016;6.75
Croatia;HRV;2017;6.63
Croatia;HRV;2018;6.57
Croatia;HRV;2019;6.57
Croatia;HRV;2020;6.5
Croatia;HRV;2021;6.5
Croatia;HRV;2022;6.5
Croatia;HRV;2023;6.5
Cuba;CUB;2006;3.52
Cuba;CUB;2008;3.52
Cuba;CUB;2010;3.52
Cuba;CUB;2011;3.52
Cuba;CUB;2012;3.52
Cuba;CUB;2013;3.52
Cuba;CUB;2014;3.52
Cuba;CUB;2015;3.52
Cuba;CUB;2016;3.46
Cuba;CUB;2017;3.31
Cuba;CUB;2018;3
Cuba;CUB;2019;2.84
Cuba;CUB;2020;2.84
Cuba;CUB;2021;2.59
Cuba;CUB;2022;2.65
Cuba;CUB;2023;2.65
Cyprus;CYP;2006;7.6
Cyprus;CYP;2008;7.7
Cyprus;CYP;2010;7.29
Cyprus;CYP;2011;7.29
Cyprus;CYP;2012;7.29
Cyprus;CYP;2013;7.29
Cyprus;CYP;2014;7.4
Cyprus;CYP;2015;7.53
Cyprus;CYP;2016;7.65
Cyprus;CYP;2017;7.59
Cyprus;CYP;2018;7.59
Cyprus;CYP;2019;7.59
Cyprus;CYP;2020;7.56
Cyprus;CYP;2021;7.43
Cyprus;CYP;2022;7.38
Cyprus;CYP;2023;7.38
Czechia;CZE;2006;8.17
Czechia;CZE;2008;8.19
Czechia;CZE;2010;8.19
Czechia;CZE;2011;8.19
Czechia;CZE;2012;8.19
Czechia;CZE;2013;8.06
Czechia;CZE;2014;7.94
Czechia;CZE;2015;7.94
Czechia;CZE;2016;7.82
Czechia;CZE;2017;7.62
Czechia;CZE;2018;7.69
Czechia;CZE;2019;7.69
Czechia;CZE;2020;7.67
Czechia;CZE;2021;7.74
Czechia;CZE;2022;7.97
Czechia;CZE;2023;7.97
Democratic Republic of Congo;COD;2006;2.76
Democratic Republic of Congo;COD;2008;2.28
Democratic Republic of Congo;COD;2010;2.15
Democratic Republic of Congo;COD;2011;2.15
Democratic Republic of Congo;COD;2012;1.92
Democratic Republic of Congo;COD;2013;1.83
Democratic Republic of Congo;COD;2014;1.75
Democratic Republic of Congo;COD;2015;2.11
Democratic Republic of Congo;COD;2016;1.93
Democratic Republic of Congo;COD;2017;1.61
Democratic Republic of Congo;COD;2018;1.49
Democratic Republic of Congo;COD;2019;1.13
Democratic Republic of Congo;COD;2020;1.13
Democratic Republic of Congo;COD;2021;1.4
Democratic Republic of Congo;COD;2022;1.48
Denmark;DNK;2006;9.52
Denmark;DNK;2008;9.52
Denmark;DNK;2010;9.52
Denmark;DNK;2011;9.52
Denmark;DNK;2012;9.52
Denmark;DNK;2013;9.38
Denmark;DNK;2014;9.11
Denmark;DNK;2015;9.11
Denmark;DNK;2016;9.2
Denmark;DNK;2017;9.22
Denmark;DNK;2018;9.22
Denmark;DNK;2019;9.22
Denmark;DNK;2020;9.15
Denmark;DNK;2021;9.09
Denmark;DNK;2022;9.28
Denmark;DNK;2023;9.28
Djibouti;DJI;2006;2.37
Djibouti;DJI;2008;2.37
Djibouti;DJI;2010;2.2
Djibouti;DJI;2011;2.68
Djibouti;DJI;2012;2.74
Djibouti;DJI;2013;2.96
Djibouti;DJI;2014;2.99
Djibouti;DJI;2015;2.9
Djibouti;DJI;2016;2.83
Djibouti;DJI;2017;2.76
Djibouti;DJI;2018;2.87
Djibouti;DJI;2019;2.77
Djibouti;DJI;2020;2.71
Djibouti;DJI;2021;2.74
Djibouti;DJI;2022;2.74
Djibouti;DJI;2023;2.7
Dominican Republic;DOM;2006;6.13
Dominican Republic;DOM;2008;6.2
Dominican Republic;DOM;2010;6.2
Dominican Republic;DOM;2011;6.2
Dominican Republic;DOM;2012;6.49
Dominican Republic;DOM;2013;6.74
Dominican Republic;DOM;2014;6.67
Dominican Republic;DOM;2015;6.67
Dominican Republic;DOM;2016;6.67
Dominican Republic;DOM;2017;6.66
Dominican Republic;DOM;2018;6.54
Dominican Republic;DOM;2019;6.54
Dominican Republic;DOM;2020;6.32
Dominican Republic;DOM;2021;6.45
Dominican Republic;DOM;2022;6.39
Dominican Republic;DOM;2023;6.44
East Timor;TLS;2006;6.41
East Timor;TLS;2008;7.22
East Timor;TLS;2010;7.22
East Timor;TLS;2011;7.22
East Timor;TLS;2012;7.16
East Timor;TLS;2013;7.24
East Timor;TLS;2014;7.24
East Timor;TLS;2015;7.24
East Timor;TLS;2016;7.24
East Timor;TLS;2017;7.19
East Timor;TLS;2018;7.19
East Timor;TLS;2019;7.19
East Timor;TLS;2020;7.06
East Timor;TLS;2021;7.06
East Timor;TLS;2022;7.06
East Timor;TLS;2023;7.06
Ecuador;ECU;2006;5.64
Ecuador;ECU;2008;5.64
Ecuador;ECU;2010;5.77
Ecuador;ECU;2011;5.72
Ecuador;ECU;2012;5.78
Ecuador;ECU;2013;5.87
Ecuador;ECU;2014;5.87
Ecuador;ECU;2015;5.87
Ecuador;ECU;2016;5.81
Ecuador;ECU;2017;6.02
Ecuador;ECU;2018;6.27
Ecuador;ECU;2019;6.33
Ecuador;ECU;2020;6.13
Ecuador;ECU;2021;5.71
Ecuador;ECU;2022;5.69
Ecuador;ECU;2023;5.41
Egypt;EGY;2006;3.9
Egypt;EGY;2008;3.89
Egypt;EGY;2010;3.07
Egypt;EGY;2011;3.95
Egypt;EGY;2012;4.56
Egypt;EGY;2013;3.27
Egypt;EGY;2014;3.16
Egypt;EGY;2015;3.18
Egypt;EGY;2016;3.31
Egypt;EGY;2017;3.36
Egypt;EGY;2018;3.36
Egypt;EGY;2019;3.06
Egypt;EGY;2020;2.93
Egypt;EGY;2021;2.93
Egypt;EGY;2022;2.93
Egypt;EGY;2023;2.93
El Salvador;SLV;2006;6.22
El Salvador;SLV;2008;6.4
El Salvador;SLV;2010;6.47
El Salvador;SLV;2011;6.47
El Salvador;SLV;2012;6.47
El Salvador;SLV;2013;6.53
El Salvador;SLV;2014;6.53
El Salvador;SLV;2015;6.64
El Salvador;SLV;2016;6.64
El Salvador;SLV;2017;6.43
El Salvador;SLV;2018;5.96
El Salvador;SLV;2019;6.15
El Salvador;SLV;2020;5.9
El Salvador;SLV;2021;5.72
El Salvador;SLV;2022;5.06
El Salvador;SLV;2023;4.71
Equatorial Guinea;GNQ;2006;2.09
Equatorial Guinea;GNQ;2008;2.19
Equatorial Guinea;GNQ;2010;1.84
Equatorial Guinea;GNQ;2011;1.77
Equatorial Guinea;GNQ;2012;1.83
Equatorial Guinea;GNQ;2013;1.77
Equatorial Guinea;GNQ;2014;1.66
Equatorial Guinea;GNQ;2015;1.77
Equatorial Guinea;GNQ;2016;1.7
Equatorial Guinea;GNQ;2017;1.81
Equatorial Guinea;GNQ;2018;1.92
Equatorial Guinea;GNQ;2019;1.92
Equatorial Guinea;GNQ;2020;1.92
Equatorial Guinea;GNQ;2021;1.92
Equatorial Guinea;GNQ;2022;1.92
Eritrea;ERI;2006;2.31
Eritrea;ERI;2008;2.31
Eritrea;ERI;2010;2.31
Eritrea;ERI;2011;2.34
Eritrea;ERI;2012;2.4
Eritrea;ERI;2013;2.4
Eritrea;ERI;2014;2.44
Eritrea;ERI;2015;2.37
Eritrea;ERI;2016;2.37
Eritrea;ERI;2017;2.37
Eritrea;ERI;2018;2.37
Eritrea;ERI;2019;2.37
Eritrea;ERI;2020;2.15
Eritrea;ERI;2021;2.03
Eritrea;ERI;2022;2.03
Estonia;EST;2006;7.74
Estonia;EST;2008;7.68
Estonia;EST;2010;7.68
Estonia;EST;2011;7.61
Estonia;EST;2012;7.61
Estonia;EST;2013;7.61
Estonia;EST;2014;7.74
Estonia;EST;2015;7.85
Estonia;EST;2016;7.85
Estonia;EST;2017;7.79
Estonia;EST;2018;7.97
Estonia;EST;2019;7.9
Estonia;EST;2020;7.84
Estonia;EST;2021;7.84
Estonia;EST;2022;7.96
Estonia;EST;2023;7.96
Eswatini;SWZ;2006;2.93
Eswatini;SWZ;2008;3.04
Eswatini;SWZ;2010;2.9
Eswatini;SWZ;2011;3.26
Eswatini;SWZ;2012;3.2
Eswatini;SWZ;2013;3.2
Eswatini;SWZ;2014;3.09
Eswatini;SWZ;2015;3.09
Eswatini;SWZ;2016;3.03
Eswatini;SWZ;2017;3.03
Eswatini;SWZ;2018;3.03
Eswatini;SWZ;2019;3.14
Eswatini;SWZ;2020;3.08
Eswatini;SWZ;2021;3.08
Eswatini;SWZ;2022;3.01
Eswatini;SWZ;2023;2.78
Ethiopia;ETH;2006;4.72
Ethiopia;ETH;2008;4.52
Ethiopia;ETH;2010;3.68
Ethiopia;ETH;2011;3.79
Ethiopia;ETH;2012;3.72
Ethiopia;ETH;2013;3.83
Ethiopia;ETH;2014;3.72
Ethiopia;ETH;2015;3.83
Ethiopia;ETH;2016;3.6
Ethiopia;ETH;2017;3.42
Ethiopia;ETH;2018;3.35
Ethiopia;ETH;2019;3.44
Ethiopia;ETH;2020;3.38
Ethiopia;ETH;2021;3.3
Ethiopia;ETH;2022;3.17
Ethiopia;ETH;2023;3.37
Europe;;2006;7.74925
Europe;;2008;7.7192497
Europe;;2010;7.5409994
Europe;;2011;7.4775
Europe;;2012;7.4832497
Europe;;2013;7.4785004
Europe;;2014;7.497
Europe;;2015;7.5080004
Europe;;2016;7.43425
Europe;;2017;7.39075
Europe;;2018;7.39725
Europe;;2019;7.40175
Europe;;2020;7.33175
Europe;;2021;7.3184996
Europe;;2022;7.3980002
Europe;;2023;7.536411
Fiji;FJI;2006;5.66
Fiji;FJI;2008;5.11
Fiji;FJI;2010;3.62
Fiji;FJI;2011;3.67
Fiji;FJI;2012;3.67
Fiji;FJI;2013;3.61
Fiji;FJI;2014;5.61
Fiji;FJI;2015;5.69
Fiji;FJI;2016;5.64
Fiji;FJI;2017;5.85
Fiji;FJI;2018;5.85
Fiji;FJI;2019;5.85
Fiji;FJI;2020;5.72
Fiji;FJI;2021;5.61
Fiji;FJI;2022;5.55
Fiji;FJI;2023;5.55
Finland;FIN;2006;9.25
Finland;FIN;2008;9.25
Finland;FIN;2010;9.19
Finland;FIN;2011;9.06
Finland;FIN;2012;9.06
Finland;FIN;2013;9.03
Finland;FIN;2014;9.03
Finland;FIN;2015;9.03
Finland;FIN;2016;9.03
Finland;FIN;2017;9.03
Finland;FIN;2018;9.14
Finland;FIN;2019;9.25
Finland;FIN;2020;9.2
Finland;FIN;2021;9.27
Finland;FIN;2022;9.29
Finland;FIN;2023;9.3
France;FRA;2006;8.07
France;FRA;2008;8.07
France;FRA;2010;7.77
France;FRA;2011;7.77
France;FRA;2012;7.88
France;FRA;2013;7.92
France;FRA;2014;8.04
France;FRA;2015;7.92
France;FRA;2016;7.92
France;FRA;2017;7.8
France;FRA;2018;7.8
France;FRA;2019;8.12
France;FRA;2020;7.99
France;FRA;2021;7.99
France;FRA;2022;8.07
France;FRA;2023;8.07
Gabon;GAB;2006;2.72
Gabon;GAB;2008;3
Gabon;GAB;2010;3.29
Gabon;GAB;2011;3.48
Gabon;GAB;2012;3.56
Gabon;GAB;2013;3.76
Gabon;GAB;2014;3.76
Gabon;GAB;2015;3.76
Gabon;GAB;2016;3.74
Gabon;GAB;2017;3.61
Gabon;GAB;2018;3.61
Gabon;GAB;2019;3.61
Gabon;GAB;2020;3.54
Gabon;GAB;2021;3.4
Gabon;GAB;2022;3.4
Gabon;GAB;2023;2.18
Gambia;GMB;2006;4.39
Gambia;GMB;2008;4.19
Gambia;GMB;2010;3.38
Gambia;GMB;2011;3.38
Gambia;GMB;2012;3.31
Gambia;GMB;2013;3.31
Gambia;GMB;2014;3.05
Gambia;GMB;2015;2.97
Gambia;GMB;2016;2.91
Gambia;GMB;2017;4.06
Gambia;GMB;2018;4.31
Gambia;GMB;2019;4.33
Gambia;GMB;2020;4.49
Gambia;GMB;2021;4.41
Gambia;GMB;2022;4.47
Gambia;GMB;2023;4.47
Georgia;GEO;2006;4.9
Georgia;GEO;2008;4.62
Georgia;GEO;2010;4.59
Georgia;GEO;2011;4.74
Georgia;GEO;2012;5.53
Georgia;GEO;2013;5.95
Georgia;GEO;2014;5.82
Georgia;GEO;2015;5.88
Georgia;GEO;2016;5.93
Georgia;GEO;2017;5.93
Georgia;GEO;2018;5.5
Georgia;GEO;2019;5.42
Georgia;GEO;2020;5.31
Georgia;GEO;2021;5.12
Georgia;GEO;2022;5.2
Georgia;GEO;2023;5.2
Germany;DEU;2006;8.82
Germany;DEU;2008;8.82
Germany;DEU;2010;8.38
Germany;DEU;2011;8.34
Germany;DEU;2012;8.34
Germany;DEU;2013;8.31
Germany;DEU;2014;8.64
Germany;DEU;2015;8.64
Germany;DEU;2016;8.63
Germany;DEU;2017;8.61
Germany;DEU;2018;8.68
Germany;DEU;2019;8.68
Germany;DEU;2020;8.67
Germany;DEU;2021;8.67
Germany;DEU;2022;8.8
Germany;DEU;2023;8.8
Ghana;GHA;2006;5.35
Ghana;GHA;2008;5.35
Ghana;GHA;2010;6.02
Ghana;GHA;2011;6.02
Ghana;GHA;2012;6.02
Ghana;GHA;2013;6.33
Ghana;GHA;2014;6.33
Ghana;GHA;2015;6.86
Ghana;GHA;2016;6.75
Ghana;GHA;2017;6.69
Ghana;GHA;2018;6.63
Ghana;GHA;2019;6.63
Ghana;GHA;2020;6.5
Ghana;GHA;2021;6.5
Ghana;GHA;2022;6.43
Ghana;GHA;2023;6.3
Greece;GRC;2006;8.13
Greece;GRC;2008;8.13
Greece;GRC;2010;7.92
Greece;GRC;2011;7.65
Greece;GRC;2012;7.65
Greece;GRC;2013;7.65
Greece;GRC;2014;7.45
Greece;GRC;2015;7.45
Greece;GRC;2016;7.23
Greece;GRC;2017;7.29
Greece;GRC;2018;7.29
Greece;GRC;2019;7.43
Greece;GRC;2020;7.39
Greece;GRC;2021;7.56
Greece;GRC;2022;7.97
Greece;GRC;2023;8.14
Guatemala;GTM;2006;6.07
Guatemala;GTM;2008;6.07
Guatemala;GTM;2010;6.05
Guatemala;GTM;2011;5.88
Guatemala;GTM;2012;5.88
Guatemala;GTM;2013;5.81
Guatemala;GTM;2014;5.81
Guatemala;GTM;2015;5.92
Guatemala;GTM;2016;5.92
Guatemala;GTM;2017;5.86
Guatemala;GTM;2018;5.6
Guatemala;GTM;2019;5.26
Guatemala;GTM;2020;4.97
Guatemala;GTM;2021;4.62
Guatemala;GTM;2022;4.68
Guatemala;GTM;2023;4.47
Guinea;GIN;2006;2.02
Guinea;GIN;2008;2.09
Guinea;GIN;2010;2.79
Guinea;GIN;2011;2.79
Guinea;GIN;2012;2.79
Guinea;GIN;2013;2.84
Guinea;GIN;2014;3.01
Guinea;GIN;2015;3.14
Guinea;GIN;2016;3.14
Guinea;GIN;2017;3.14
Guinea;GIN;2018;3.14
Guinea;GIN;2019;3.14
Guinea;GIN;2020;3.08
Guinea;GIN;2021;2.28
Guinea;GIN;2022;2.32
Guinea;GIN;2023;2.21
Guinea-Bissau;GNB;2006;2
Guinea-Bissau;GNB;2008;1.99
Guinea-Bissau;GNB;2010;1.99
Guinea-Bissau;GNB;2011;1.99
Guinea-Bissau;GNB;2012;1.43
Guinea-Bissau;GNB;2013;1.26
Guinea-Bissau;GNB;2014;1.93
Guinea-Bissau;GNB;2015;1.93
Guinea-Bissau;GNB;2016;1.98
Guinea-Bissau;GNB;2017;1.98
Guinea-Bissau;GNB;2018;1.98
Guinea-Bissau;GNB;2019;2.63
Guinea-Bissau;GNB;2020;2.63
Guinea-Bissau;GNB;2021;2.75
Guinea-Bissau;GNB;2022;2.56
Guinea-Bissau;GNB;2023;2.45
Guyana;GUY;2006;6.15
Guyana;GUY;2008;6.12
Guyana;GUY;2010;6.05
Guyana;GUY;2011;6.05
Guyana;GUY;2012;6.05
Guyana;GUY;2013;6.05
Guyana;GUY;2014;5.91
Guyana;GUY;2015;6.05
Guyana;GUY;2016;6.25
Guyana;GUY;2017;6.46
Guyana;GUY;2018;6.67
Guyana;GUY;2019;6.15
Guyana;GUY;2020;6.01
Guyana;GUY;2021;6.25
Guyana;GUY;2022;6.34
Guyana;GUY;2023;6.26
Haiti;HTI;2006;4.19
Haiti;HTI;2008;4.19
Haiti;HTI;2010;4
Haiti;HTI;2011;4
Haiti;HTI;2012;3.96
Haiti;HTI;2013;3.94
Haiti;HTI;2014;3.82
Haiti;HTI;2015;3.94
Haiti;HTI;2016;4.02
Haiti;HTI;2017;4.03
Haiti;HTI;2018;4.91
Haiti;HTI;2019;4.57
Haiti;HTI;2020;4.22
Haiti;HTI;2021;3.48
Haiti;HTI;2022;2.81
Haiti;HTI;2023;2.81
Honduras;HND;2006;6.25
Honduras;HND;2008;6.18
Honduras;HND;2010;5.76
Honduras;HND;2011;5.84
Honduras;HND;2012;5.84
Honduras;HND;2013;5.84
Honduras;HND;2014;5.84
Honduras;HND;2015;5.84
Honduras;HND;2016;5.92
Honduras;HND;2017;5.72
Honduras;HND;2018;5.63
Honduras;HND;2019;5.42
Honduras;HND;2020;5.36
Honduras;HND;2021;5.1
Honduras;HND;2022;5.15
Honduras;HND;2023;4.98
Hong Kong;HKG;2006;6.03
Hong Kong;HKG;2008;5.85
Hong Kong;HKG;2010;5.92
Hong Kong;HKG;2011;5.92
Hong Kong;HKG;2012;6.42
Hong Kong;HKG;2013;6.42
Hong Kong;HKG;2014;6.46
Hong Kong;HKG;2015;6.5
Hong Kong;HKG;2016;6.42
Hong Kong;HKG;2017;6.31
Hong Kong;HKG;2018;6.15
Hong Kong;HKG;2019;6.02
Hong Kong;HKG;2020;5.57
Hong Kong;HKG;2021;5.6
Hong Kong;HKG;2022;5.28
Hong Kong;HKG;2023;5.24
Hungary;HUN;2006;7.53
Hungary;HUN;2008;7.44
Hungary;HUN;2010;7.21
Hungary;HUN;2011;7.04
Hungary;HUN;2012;6.96
Hungary;HUN;2013;6.96
Hungary;HUN;2014;6.9
Hungary;HUN;2015;6.84
Hungary;HUN;2016;6.72
Hungary;HUN;2017;6.64
Hungary;HUN;2018;6.63
Hungary;HUN;2019;6.63
Hungary;HUN;2020;6.56
Hungary;HUN;2021;6.5
Hungary;HUN;2022;6.64
Hungary;HUN;2023;6.72
Iceland;ISL;2006;9.71
Iceland;ISL;2008;9.65
Iceland;ISL;2010;9.65
Iceland;ISL;2011;9.65
Iceland;ISL;2012;9.65
Iceland;ISL;2013;9.65
Iceland;ISL;2014;9.58
Iceland;ISL;2015;9.58
Iceland;ISL;2016;9.5
Iceland;ISL;2017;9.58
Iceland;ISL;2018;9.58
Iceland;ISL;2019;9.58
Iceland;ISL;2020;9.37
Iceland;ISL;2021;9.18
Iceland;ISL;2022;9.52
Iceland;ISL;2023;9.45
India;IND;2006;7.68
India;IND;2008;7.8
India;IND;2010;7.28
India;IND;2011;7.3
India;IND;2012;7.52
India;IND;2013;7.69
India;IND;2014;7.92
India;IND;2015;7.74
India;IND;2016;7.81
India;IND;2017;7.23
India;IND;2018;7.23
India;IND;2019;6.9
India;IND;2020;6.61
India;IND;2021;6.91
India;IND;2022;7.04
India;IND;2023;7.18
Indonesia;IDN;2006;6.41
Indonesia;IDN;2008;6.34
Indonesia;IDN;2010;6.53
Indonesia;IDN;2011;6.53
Indonesia;IDN;2012;6.76
Indonesia;IDN;2013;6.82
Indonesia;IDN;2014;6.95
Indonesia;IDN;2015;7.03
Indonesia;IDN;2016;6.97
Indonesia;IDN;2017;6.39
Indonesia;IDN;2018;6.39
Indonesia;IDN;2019;6.48
Indonesia;IDN;2020;6.3
Indonesia;IDN;2021;6.71
Indonesia;IDN;2022;6.71
Indonesia;IDN;2023;6.53
Iran;IRN;2006;2.93
Iran;IRN;2008;2.83
Iran;IRN;2010;1.94
Iran;IRN;2011;1.98
Iran;IRN;2012;1.98
Iran;IRN;2013;1.98
Iran;IRN;2014;1.98
Iran;IRN;2015;2.16
Iran;IRN;2016;2.34
Iran;IRN;2017;2.45
Iran;IRN;2018;2.45
Iran;IRN;2019;2.38
Iran;IRN;2020;2.2
Iran;IRN;2021;1.95
Iran;IRN;2022;1.96
Iraq;IRQ;2006;4.01
Iraq;IRQ;2008;4
Iraq;IRQ;2010;4
Iraq;IRQ;2011;4.03
Iraq;IRQ;2012;4.1
Iraq;IRQ;2013;4.1
Iraq;IRQ;2014;4.23
Iraq;IRQ;2015;4.08
Iraq;IRQ;2016;4.08
Iraq;IRQ;2017;4.09
Iraq;IRQ;2018;4.06
Iraq;IRQ;2019;3.74
Iraq;IRQ;2020;3.62
Iraq;IRQ;2021;3.51
Iraq;IRQ;2022;3.13
Iraq;IRQ;2023;2.88
Ireland;IRL;2006;9.01
Ireland;IRL;2008;9.01
Ireland;IRL;2010;8.79
Ireland;IRL;2011;8.56
Ireland;IRL;2012;8.56
Ireland;IRL;2013;8.68
Ireland;IRL;2014;8.72
Ireland;IRL;2015;8.85
Ireland;IRL;2016;9.15
Ireland;IRL;2017;9.15
Ireland;IRL;2018;9.15
Ireland;IRL;2019;9.24
Ireland;IRL;2020;9.05
Ireland;IRL;2021;9
Ireland;IRL;2022;9.13
Ireland;IRL;2023;9.19
Israel;ISR;2006;7.28
Israel;ISR;2008;7.48
Israel;ISR;2010;7.48
Israel;ISR;2011;7.53
Israel;ISR;2012;7.53
Israel;ISR;2013;7.53
Israel;ISR;2014;7.63
Israel;ISR;2015;7.77
Israel;ISR;2016;7.85
Israel;ISR;2017;7.79
Israel;ISR;2018;7.79
Israel;ISR;2019;7.86
Israel;ISR;2020;7.84
Israel;ISR;2021;7.97
Israel;ISR;2022;7.93
Israel;ISR;2023;7.8
Italy;ITA;2006;7.73
Italy;ITA;2008;7.98
Italy;ITA;2010;7.83
Italy;ITA;2011;7.74
Italy;ITA;2012;7.74
Italy;ITA;2013;7.85
Italy;ITA;2014;7.85
Italy;ITA;2015;7.98
Italy;ITA;2016;7.98
Italy;ITA;2017;7.98
Italy;ITA;2018;7.71
Italy;ITA;2019;7.52
Italy;ITA;2020;7.74
Italy;ITA;2021;7.68
Italy;ITA;2022;7.69
Italy;ITA;2023;7.69
Jamaica;JAM;2006;7.34
Jamaica;JAM;2008;7.21
Jamaica;JAM;2010;7.21
Jamaica;JAM;2011;7.13
Jamaica;JAM;2012;7.39
Jamaica;JAM;2013;7.39
Jamaica;JAM;2014;7.39
Jamaica;JAM;2015;7.39
Jamaica;JAM;2016;7.39
Jamaica;JAM;2017;7.29
Jamaica;JAM;2018;7.02
Jamaica;JAM;2019;6.96
Jamaica;JAM;2020;7.13
Jamaica;JAM;2021;7.13
Jamaica;JAM;2022;7.13
Jamaica;JAM;2023;7.06
Japan;JPN;2006;8.15
Japan;JPN;2008;8.25
Japan;JPN;2010;8.08
Japan;JPN;2011;8.08
Japan;JPN;2012;8.08
Japan;JPN;2013;8.08
Japan;JPN;2014;8.08
Japan;JPN;2015;7.96
Japan;JPN;2016;7.99
Japan;JPN;2017;7.88
Japan;JPN;2018;7.99
Japan;JPN;2019;7.99
Japan;JPN;2020;8.13
Japan;JPN;2021;8.15
Japan;JPN;2022;8.33
Japan;JPN;2023;8.4
Jordan;JOR;2006;3.92
Jordan;JOR;2008;3.93
Jordan;JOR;2010;3.74
Jordan;JOR;2011;3.89
Jordan;JOR;2012;3.76
Jordan;JOR;2013;3.76
Jordan;JOR;2014;3.76
Jordan;JOR;2015;3.86
Jordan;JOR;2016;3.96
Jordan;JOR;2017;3.87
Jordan;JOR;2018;3.93
Jordan;JOR;2019;3.93
Jordan;JOR;2020;3.62
Jordan;JOR;2021;3.49
Jordan;JOR;2022;3.17
Jordan;JOR;2023;3.04
Kazakhstan;KAZ;2006;3.62
Kazakhstan;KAZ;2008;3.45
Kazakhstan;KAZ;2010;3.3
Kazakhstan;KAZ;2011;3.24
Kazakhstan;KAZ;2012;2.95
Kazakhstan;KAZ;2013;3.06
Kazakhstan;KAZ;2014;3.17
Kazakhstan;KAZ;2015;3.06
Kazakhstan;KAZ;2016;3.06
Kazakhstan;KAZ;2017;3.06
Kazakhstan;KAZ;2018;2.94
Kazakhstan;KAZ;2019;2.94
Kazakhstan;KAZ;2020;3.14
Kazakhstan;KAZ;2021;3.08
Kazakhstan;KAZ;2022;3.08
Kazakhstan;KAZ;2023;3.08
Kenya;KEN;2006;5.08
Kenya;KEN;2008;4.79
Kenya;KEN;2010;4.71
Kenya;KEN;2011;4.71
Kenya;KEN;2012;4.71
Kenya;KEN;2013;5.13
Kenya;KEN;2014;5.13
Kenya;KEN;2015;5.33
Kenya;KEN;2016;5.33
Kenya;KEN;2017;5.11
Kenya;KEN;2018;5.11
Kenya;KEN;2019;5.18
Kenya;KEN;2020;5.05
Kenya;KEN;2021;5.05
Kenya;KEN;2022;5.05
Kenya;KEN;2023;5.05
Kuwait;KWT;2006;3.09
Kuwait;KWT;2008;3.39
Kuwait;KWT;2010;3.88
Kuwait;KWT;2011;3.74
Kuwait;KWT;2012;3.78
Kuwait;KWT;2013;3.78
Kuwait;KWT;2014;3.78
Kuwait;KWT;2015;3.85
Kuwait;KWT;2016;3.85
Kuwait;KWT;2017;3.85
Kuwait;KWT;2018;3.85
Kuwait;KWT;2019;3.93
Kuwait;KWT;2020;3.8
Kuwait;KWT;2021;3.91
Kuwait;KWT;2022;3.83
Kuwait;KWT;2023;3.5
Kyrgyzstan;KGZ;2006;4.08
Kyrgyzstan;KGZ;2008;4.05
Kyrgyzstan;KGZ;2010;4.31
Kyrgyzstan;KGZ;2011;4.34
Kyrgyzstan;KGZ;2012;4.69
Kyrgyzstan;KGZ;2013;4.69
Kyrgyzstan;KGZ;2014;5.24
Kyrgyzstan;KGZ;2015;5.33
Kyrgyzstan;KGZ;2016;4.93
Kyrgyzstan;KGZ;2017;5.11
Kyrgyzstan;KGZ;2018;5.11
Kyrgyzstan;KGZ;2019;4.89
Kyrgyzstan;KGZ;2020;4.21
Kyrgyzstan;KGZ;2021;3.62
Kyrgyzstan;KGZ;2022;3.62
Kyrgyzstan;KGZ;2023;3.7
Laos;LAO;2006;2.1
Laos;LAO;2008;2.1
Laos;LAO;2010;2.1
Laos;LAO;2011;2.1
Laos;LAO;2012;2.32
Laos;LAO;2013;2.21
Laos;LAO;2014;2.21
Laos;LAO;2015;2.21
Laos;LAO;2016;2.37
Laos;LAO;2017;2.37
Laos;LAO;2018;2.37
Laos;LAO;2019;2.14
Laos;LAO;2020;1.77
Laos;LAO;2021;1.77
Laos;LAO;2022;1.77
Latvia;LVA;2006;7.37
Latvia;LVA;2008;7.23
Latvia;LVA;2010;7.05
Latvia;LVA;2011;7.05
Latvia;LVA;2012;7.05
Latvia;LVA;2013;7.05
Latvia;LVA;2014;7.48
Latvia;LVA;2015;7.37
Latvia;LVA;2016;7.31
Latvia;LVA;2017;7.25
Latvia;LVA;2018;7.38
Latvia;LVA;2019;7.49
Latvia;LVA;2020;7.24
Latvia;LVA;2021;7.31
Latvia;LVA;2022;7.37
Latvia;LVA;2023;7.38
Lebanon;LBN;2006;5.82
Lebanon;LBN;2008;5.62
Lebanon;LBN;2010;5.82
Lebanon;LBN;2011;5.32
Lebanon;LBN;2012;5.05
Lebanon;LBN;2013;5.05
Lebanon;LBN;2014;5.12
Lebanon;LBN;2015;4.86
Lebanon;LBN;2016;4.86
Lebanon;LBN;2017;4.72
Lebanon;LBN;2018;4.63
Lebanon;LBN;2019;4.36
Lebanon;LBN;2020;4.16
Lebanon;LBN;2021;3.84
Lebanon;LBN;2022;3.64
Lebanon;LBN;2023;3.56
Lesotho;LSO;2006;6.48
Lesotho;LSO;2008;6.29
Lesotho;LSO;2010;6.02
Lesotho;LSO;2011;6.33
Lesotho;LSO;2012;6.66
Lesotho;LSO;2013;6.66
Lesotho;LSO;2014;6.66
Lesotho;LSO;2015;6.59
Lesotho;LSO;2016;6.59
Lesotho;LSO;2017;6.64
Lesotho;LSO;2018;6.64
Lesotho;LSO;2019;6.54
Lesotho;LSO;2020;6.3
Lesotho;LSO;2021;6.3
Lesotho;LSO;2022;6.19
Lesotho;LSO;2023;6.06
Liberia;LBR;2006;5.22
Liberia;LBR;2008;5.25
Liberia;LBR;2010;5.07
Liberia;LBR;2011;5.07
Liberia;LBR;2012;4.95
Liberia;LBR;2013;4.95
Liberia;LBR;2014;4.95
Liberia;LBR;2015;4.95
Liberia;LBR;2016;5.31
Liberia;LBR;2017;5.23
Liberia;LBR;2018;5.35
Liberia;LBR;2019;5.45
Liberia;LBR;2020;5.32
Liberia;LBR;2021;5.43
Liberia;LBR;2022;5.43
Liberia;LBR;2023;5.57
Libya;LBY;2006;1.84
Libya;LBY;2008;2
Libya;LBY;2010;1.94
Libya;LBY;2011;3.55
Libya;LBY;2012;5.15
Libya;LBY;2013;4.82
Libya;LBY;2014;3.8
Libya;LBY;2015;2.25
Libya;LBY;2016;2.25
Libya;LBY;2017;2.32
Libya;LBY;2018;2.19
Libya;LBY;2019;2.02
Libya;LBY;2020;1.95
Libya;LBY;2021;1.95
Libya;LBY;2022;2.06
Lithuania;LTU;2006;7.43
Lithuania;LTU;2008;7.36
Lithuania;LTU;2010;7.24
Lithuania;LTU;2011;7.24
Lithuania;LTU;2012;7.24
Lithuania;LTU;2013;7.54
Lithuania;LTU;2014;7.54
Lithuania;LTU;2015;7.54
Lithuania;LTU;2016;7.47
Lithuania;LTU;2017;7.41
Lithuania;LTU;2018;7.5
Lithuania;LTU;2019;7.5
Lithuania;LTU;2020;7.13
Lithuania;LTU;2021;7.18
Lithuania;LTU;2022;7.31
Lithuania;LTU;2023;7.31
Luxembourg;LUX;2006;9.1
Luxembourg;LUX;2008;9.1
Luxembourg;LUX;2010;8.88
Luxembourg;LUX;2011;8.88
Luxembourg;LUX;2012;8.88
Luxembourg;LUX;2013;8.88
Luxembourg;LUX;2014;8.88
Luxembourg;LUX;2015;8.88
Luxembourg;LUX;2016;8.81
Luxembourg;LUX;2017;8.81
Luxembourg;LUX;2018;8.81
Luxembourg;LUX;2019;8.81
Luxembourg;LUX;2020;8.68
Luxembourg;LUX;2021;8.68
Luxembourg;LUX;2022;8.81
Luxembourg;LUX;2023;8.81
Madagascar;MDG;2006;5.82
Madagascar;MDG;2008;5.57
Madagascar;MDG;2010;3.94
Madagascar;MDG;2011;3.93
Madagascar;MDG;2012;3.93
Madagascar;MDG;2013;4.32
Madagascar;MDG;2014;4.42
Madagascar;MDG;2015;4.85
Madagascar;MDG;2016;5.07
Madagascar;MDG;2017;5.11
Madagascar;MDG;2018;5.22
Madagascar;MDG;2019;5.64
Madagascar;MDG;2020;5.7
Madagascar;MDG;2021;5.7
Madagascar;MDG;2022;5.7
Madagascar;MDG;2023;5.26
Malawi;MWI;2006;4.97
Malawi;MWI;2008;5.13
Malawi;MWI;2010;5.84
Malawi;MWI;2011;5.84
Malawi;MWI;2012;6.08
Malawi;MWI;2013;6
Malawi;MWI;2014;5.66
Malawi;MWI;2015;5.55
Malawi;MWI;2016;5.55
Malawi;MWI;2017;5.49
Malawi;MWI;2018;5.49
Malawi;MWI;2019;5.5
Malawi;MWI;2020;5.74
Malawi;MWI;2021;5.74
Malawi;MWI;2022;5.91
Malawi;MWI;2023;5.85
Malaysia;MYS;2006;5.98
Malaysia;MYS;2008;6.36
Malaysia;MYS;2010;6.19
Malaysia;MYS;2011;6.19
Malaysia;MYS;2012;6.41
Malaysia;MYS;2013;6.49
Malaysia;MYS;2014;6.49
Malaysia;MYS;2015;6.43
Malaysia;MYS;2016;6.54
Malaysia;MYS;2017;6.54
Malaysia;MYS;2018;6.88
Malaysia;MYS;2019;7.16
Malaysia;MYS;2020;7.19
Malaysia;MYS;2021;7.24
Malaysia;MYS;2022;7.3
Malaysia;MYS;2023;7.29
Mali;MLI;2006;5.99
Mali;MLI;2008;5.87
Mali;MLI;2010;6.01
Mali;MLI;2011;6.36
Mali;MLI;2012;5.12
Mali;MLI;2013;5.9
Mali;MLI;2014;5.79
Mali;MLI;2015;5.7
Mali;MLI;2016;5.7
Mali;MLI;2017;5.64
Mali;MLI;2018;5.41
Mali;MLI;2019;4.92
Mali;MLI;2020;3.93
Mali;MLI;2021;3.48
Mali;MLI;2022;3.23
Mali;MLI;2023;2.58
Malta;MLT;2006;8.39
Malta;MLT;2008;8.39
Malta;MLT;2010;8.28
Malta;MLT;2011;8.28
Malta;MLT;2012;8.28
Malta;MLT;2013;8.28
Malta;MLT;2014;8.39
Malta;MLT;2015;8.39
Malta;MLT;2016;8.39
Malta;MLT;2017;8.15
Malta;MLT;2018;8.21
Malta;MLT;2019;7.95
Malta;MLT;2020;7.68
Malta;MLT;2021;7.57
Malta;MLT;2022;7.7
Malta;MLT;2023;7.93
Mauritania;MRT;2006;3.12
Mauritania;MRT;2008;3.91
Mauritania;MRT;2010;3.86
Mauritania;MRT;2011;4.17
Mauritania;MRT;2012;4.17
Mauritania;MRT;2013;4.17
Mauritania;MRT;2014;4.17
Mauritania;MRT;2015;3.96
Mauritania;MRT;2016;3.96
Mauritania;MRT;2017;3.82
Mauritania;MRT;2018;3.82
Mauritania;MRT;2019;3.92
Mauritania;MRT;2020;3.92
Mauritania;MRT;2021;4.03
Mauritania;MRT;2022;4.03
Mauritania;MRT;2023;4.14
Mauritius;MUS;2006;8.04
Mauritius;MUS;2008;8.04
Mauritius;MUS;2010;8.04
Mauritius;MUS;2011;8.04
Mauritius;MUS;2012;8.17
Mauritius;MUS;2013;8.17
Mauritius;MUS;2014;8.17
Mauritius;MUS;2015;8.28
Mauritius;MUS;2016;8.28
Mauritius;MUS;2017;8.22
Mauritius;MUS;2018;8.22
Mauritius;MUS;2019;8.22
Mauritius;MUS;2020;8.14
Mauritius;MUS;2021;8.08
Mauritius;MUS;2022;8.14
Mauritius;MUS;2023;8.14
Mexico;MEX;2006;6.67
Mexico;MEX;2008;6.78
Mexico;MEX;2010;6.93
Mexico;MEX;2011;6.93
Mexico;MEX;2012;6.9
Mexico;MEX;2013;6.91
Mexico;MEX;2014;6.68
Mexico;MEX;2015;6.55
Mexico;MEX;2016;6.47
Mexico;MEX;2017;6.41
Mexico;MEX;2018;6.19
Mexico;MEX;2019;6.09
Mexico;MEX;2020;6.07
Mexico;MEX;2021;5.57
Mexico;MEX;2022;5.25
Mexico;MEX;2023;5.14
Moldova;MDA;2006;6.5
Moldova;MDA;2008;6.5
Moldova;MDA;2010;6.33
Moldova;MDA;2011;6.33
Moldova;MDA;2012;6.32
Moldova;MDA;2013;6.32
Moldova;MDA;2014;6.32
Moldova;MDA;2015;6.35
Moldova;MDA;2016;6.01
Moldova;MDA;2017;5.94
Moldova;MDA;2018;5.85
Moldova;MDA;2019;5.75
Moldova;MDA;2020;5.78
Moldova;MDA;2021;6.1
Moldova;MDA;2022;6.23
Moldova;MDA;2023;6.23
Mongolia;MNG;2006;6.6
Mongolia;MNG;2008;6.6
Mongolia;MNG;2010;6.36
Mongolia;MNG;2011;6.23
Mongolia;MNG;2012;6.35
Mongolia;MNG;2013;6.51
Mongolia;MNG;2014;6.62
Mongolia;MNG;2015;6.62
Mongolia;MNG;2016;6.62
Mongolia;MNG;2017;6.5
Mongolia;MNG;2018;6.5
Mongolia;MNG;2019;6.5
Mongolia;MNG;2020;6.48
Mongolia;MNG;2021;6.42
Mongolia;MNG;2022;6.35
Mongolia;MNG;2023;6.48
Montenegro;MNE;2006;6.57
Montenegro;MNE;2008;6.43
Montenegro;MNE;2010;6.27
Montenegro;MNE;2011;6.15
Montenegro;MNE;2012;6.05
Montenegro;MNE;2013;5.94
Montenegro;MNE;2014;5.94
Montenegro;MNE;2015;6.01
Montenegro;MNE;2016;5.72
Montenegro;MNE;2017;5.69
Montenegro;MNE;2018;5.74
Montenegro;MNE;2019;5.65
Montenegro;MNE;2020;5.77
Montenegro;MNE;2021;6.02
Montenegro;MNE;2022;6.45
Montenegro;MNE;2023;6.67
Morocco;MAR;2006;3.9
Morocco;MAR;2008;3.88
Morocco;MAR;2010;3.79
Morocco;MAR;2011;3.83
Morocco;MAR;2012;4.07
Morocco;MAR;2013;4.07
Morocco;MAR;2014;4
Morocco;MAR;2015;4.66
Morocco;MAR;2016;4.77
Morocco;MAR;2017;4.87
Morocco;MAR;2018;4.99
Morocco;MAR;2019;5.1
Morocco;MAR;2020;5.04
Morocco;MAR;2021;5.04
Morocco;MAR;2022;5.04
Morocco;MAR;2023;5.04
Mozambique;MOZ;2006;5.28
Mozambique;MOZ;2008;5.49
Mozambique;MOZ;2010;4.9
Mozambique;MOZ;2011;4.9
Mozambique;MOZ;2012;4.88
Mozambique;MOZ;2013;4.77
Mozambique;MOZ;2014;4.66
Mozambique;MOZ;2015;4.6
Mozambique;MOZ;2016;4.02
Mozambique;MOZ;2017;4.02
Mozambique;MOZ;2018;3.85
Mozambique;MOZ;2019;3.65
Mozambique;MOZ;2020;3.51
Mozambique;MOZ;2021;3.51
Mozambique;MOZ;2022;3.51
Mozambique;MOZ;2023;3.51
Myanmar;MMR;2006;1.77
Myanmar;MMR;2008;1.77
Myanmar;MMR;2010;1.77
Myanmar;MMR;2011;1.77
Myanmar;MMR;2012;2.35
Myanmar;MMR;2013;2.76
Myanmar;MMR;2014;3.05
Myanmar;MMR;2015;4.14
Myanmar;MMR;2016;4.2
Myanmar;MMR;2017;3.83
Myanmar;MMR;2018;3.83
Myanmar;MMR;2019;3.55
Myanmar;MMR;2020;3.04
Myanmar;MMR;2021;1.02
Myanmar;MMR;2022;0.74
Namibia;NAM;2006;6.54
Namibia;NAM;2008;6.48
Namibia;NAM;2010;6.23
Namibia;NAM;2011;6.24
Namibia;NAM;2012;6.24
Namibia;NAM;2013;6.24
Namibia;NAM;2014;6.24
Namibia;NAM;2015;6.31
Namibia;NAM;2016;6.31
Namibia;NAM;2017;6.31
Namibia;NAM;2018;6.25
Namibia;NAM;2019;6.43
Namibia;NAM;2020;6.52
Namibia;NAM;2021;6.52
Namibia;NAM;2022;6.52
Namibia;NAM;2023;6.52
Nepal;NPL;2006;3.42
Nepal;NPL;2008;4.05
Nepal;NPL;2010;4.24
Nepal;NPL;2011;4.24
Nepal;NPL;2012;4.16
Nepal;NPL;2013;4.77
Nepal;NPL;2014;4.77
Nepal;NPL;2015;4.77
Nepal;NPL;2016;4.86
Nepal;NPL;2017;5.18
Nepal;NPL;2018;5.18
Nepal;NPL;2019;5.28
Nepal;NPL;2020;5.22
Nepal;NPL;2021;4.41
Nepal;NPL;2022;4.49
Nepal;NPL;2023;4.6
Netherlands;NLD;2006;9.66
Netherlands;NLD;2008;9.53
Netherlands;NLD;2010;8.99
Netherlands;NLD;2011;8.99
Netherlands;NLD;2012;8.99
Netherlands;NLD;2013;8.84
Netherlands;NLD;2014;8.92
Netherlands;NLD;2015;8.92
Netherlands;NLD;2016;8.8
Netherlands;NLD;2017;8.89
Netherlands;NLD;2018;8.89
Netherlands;NLD;2019;9.01
Netherlands;NLD;2020;8.96
Netherlands;NLD;2021;8.88
Netherlands;NLD;2022;9
Netherlands;NLD;2023;9
New Zealand;NZL;2006;9.01
New Zealand;NZL;2008;9.19
New Zealand;NZL;2010;9.26
New Zealand;NZL;2011;9.26
New Zealand;NZL;2012;9.26
New Zealand;NZL;2013;9.26
New Zealand;NZL;2014;9.26
New Zealand;NZL;2015;9.26
New Zealand;NZL;2016;9.26
New Zealand;NZL;2017;9.26
New Zealand;NZL;2018;9.26
New Zealand;NZL;2019;9.26
New Zealand;NZL;2020;9.25
New Zealand;NZL;2021;9.37
New Zealand;NZL;2022;9.61
New Zealand;NZL;2023;9.61
Nicaragua;NIC;2006;5.68
Nicaragua;NIC;2008;6.07
Nicaragua;NIC;2010;5.73
Nicaragua;NIC;2011;5.56
Nicaragua;NIC;2012;5.56
Nicaragua;NIC;2013;5.46
Nicaragua;NIC;2014;5.32
Nicaragua;NIC;2015;5.26
Nicaragua;NIC;2016;4.81
Nicaragua;NIC;2017;4.66
Nicaragua;NIC;2018;3.63
Nicaragua;NIC;2019;3.55
Nicaragua;NIC;2020;3.6
Nicaragua;NIC;2021;2.69
Nicaragua;NIC;2022;2.5
Nicaragua;NIC;2023;2.26
Niger;NER;2006;3.54
Niger;NER;2008;3.41
Niger;NER;2010;3.38
Niger;NER;2011;4.16
Niger;NER;2012;4.16
Niger;NER;2013;4.08
Niger;NER;2014;4.02
Niger;NER;2015;3.85
Niger;NER;2016;3.96
Niger;NER;2017;3.76
Niger;NER;2018;3.76
Niger;NER;2019;3.29
Niger;NER;2020;3.29
Niger;NER;2021;3.22
Niger;NER;2022;3.73
Niger;NER;2023;2.37
Nigeria;NGA;2006;3.52
Nigeria;NGA;2008;3.53
Nigeria;NGA;2010;3.47
Nigeria;NGA;2011;3.83
Nigeria;NGA;2012;3.77
Nigeria;NGA;2013;3.77
Nigeria;NGA;2014;3.76
Nigeria;NGA;2015;4.62
Nigeria;NGA;2016;4.5
Nigeria;NGA;2017;4.44
Nigeria;NGA;2018;4.44
Nigeria;NGA;2019;4.12
Nigeria;NGA;2020;4.1
Nigeria;NGA;2021;4.11
Nigeria;NGA;2022;4.23
Nigeria;NGA;2023;4.23
North America;;2006;6.5664287
North America;;2008;6.607857
North America;;2010;6.5342855
North America;;2011;6.5042853
North America;;2012;6.526428
North America;;2013;6.5307145
North America;;2014;6.490714
North America;;2015;6.5078573
North America;;2016;6.467143
North America;;2017;6.392857
North America;;2018;6.2764287
North America;;2019;6.207143
North America;;2020;6.147857
North America;;2021;5.8678575
North America;;2022;5.765
North America;;2023;5.672857
North Korea;PRK;2006;1.03
North Korea;PRK;2008;0.86
North Korea;PRK;2010;1.08
North Korea;PRK;2011;1.08
North Korea;PRK;2012;1.08
North Korea;PRK;2013;1.08
North Korea;PRK;2014;1.08
North Korea;PRK;2015;1.08
North Korea;PRK;2016;1.08
North Korea;PRK;2017;1.08
North Korea;PRK;2018;1.08
North Korea;PRK;2019;1.08
North Korea;PRK;2020;1.08
North Korea;PRK;2021;1.08
North Korea;PRK;2022;1.08
North Macedonia;MKD;2006;6.33
North Macedonia;MKD;2008;6.21
North Macedonia;MKD;2010;6.16
North Macedonia;MKD;2011;6.16
North Macedonia;MKD;2012;6.16
North Macedonia;MKD;2013;6.16
North Macedonia;MKD;2014;6.25
North Macedonia;MKD;2015;6.02
North Macedonia;MKD;2016;5.23
North Macedonia;MKD;2017;5.57
North Macedonia;MKD;2018;5.87
North Macedonia;MKD;2019;5.97
North Macedonia;MKD;2020;5.89
North Macedonia;MKD;2021;6.03
North Macedonia;MKD;2022;6.1
North Macedonia;MKD;2023;6.03
Norway;NOR;2006;9.55
Norway;NOR;2008;9.68
Norway;NOR;2010;9.8
Norway;NOR;2011;9.8
Norway;NOR;2012;9.93
Norway;NOR;2013;9.93
Norway;NOR;2014;9.93
Norway;NOR;2015;9.93
Norway;NOR;2016;9.93
Norway;NOR;2017;9.87
Norway;NOR;2018;9.87
Norway;NOR;2019;9.87
Norway;NOR;2020;9.81
Norway;NOR;2021;9.75
Norway;NOR;2022;9.81
Norway;NOR;2023;9.81
Oceania;;2006;7.575
Oceania;;2008;7.4825
Oceania;;2010;7.16
Oceania;;2011;7.1175003
Oceania;;2012;7.1175003
Oceania;;2013;7.09
Oceania;;2014;7.4775004
Oceania;;2015;7.4975004
Oceania;;2016;7.485
Oceania;;2017;7.5575004
Oceania;;2018;7.5575004
Oceania;;2019;7.5575004
Oceania;;2020;7.5075
Oceania;;2021;7.495
Oceania;;2022;7.46
Oceania;;2023;7.4625
Oman;OMN;2006;2.77
Oman;OMN;2008;2.98
Oman;OMN;2010;2.86
Oman;OMN;2011;3.26
Oman;OMN;2012;3.26
Oman;OMN;2013;3.26
Oman;OMN;2014;3.15
Oman;OMN;2015;3.04
Oman;OMN;2016;3.04
Oman;OMN;2017;3.04
Oman;OMN;2018;3.04
Oman;OMN;2019;3.06
Oman;OMN;2020;3
Oman;OMN;2021;3
Oman;OMN;2022;3.12
Oman;OMN;2023;3.12
Pakistan;PAK;2006;3.92
Pakistan;PAK;2008;4.46
Pakistan;PAK;2010;4.55
Pakistan;PAK;2011;4.55
Pakistan;PAK;2012;4.57
Pakistan;PAK;2013;4.64
Pakistan;PAK;2014;4.64
Pakistan;PAK;2015;4.4
Pakistan;PAK;2016;4.33
Pakistan;PAK;2017;4.26
Pakistan;PAK;2018;4.17
Pakistan;PAK;2019;4.25
Pakistan;PAK;2020;4.31
Pakistan;PAK;2021;4.31
Pakistan;PAK;2022;4.13
Pakistan;PAK;2023;3.25
Palestine;PSE;2006;6.01
Palestine;PSE;2008;5.83
Palestine;PSE;2010;5.44
Palestine;PSE;2011;4.97
Palestine;PSE;2012;4.8
Palestine;PSE;2013;4.8
Palestine;PSE;2014;4.72
Palestine;PSE;2015;4.57
Palestine;PSE;2016;4.49
Palestine;PSE;2017;4.46
Palestine;PSE;2018;4.39
Palestine;PSE;2019;3.89
Palestine;PSE;2020;3.83
Palestine;PSE;2021;3.94
Palestine;PSE;2022;3.86
Palestine;PSE;2023;3.47
Panama;PAN;2006;7.35
Panama;PAN;2008;7.35
Panama;PAN;2010;7.15
Panama;PAN;2011;7.08
Panama;PAN;2012;7.08
Panama;PAN;2013;7.08
Panama;PAN;2014;7.08
Panama;PAN;2015;7.19
Panama;PAN;2016;7.13
Panama;PAN;2017;7.08
Panama;PAN;2018;7.05
Panama;PAN;2019;7.05
Panama;PAN;2020;7.18
Panama;PAN;2021;6.85
Panama;PAN;2022;6.91
Panama;PAN;2023;6.91
Papua New Guinea;PNG;2006;6.54
Papua New Guinea;PNG;2008;6.54
Papua New Guinea;PNG;2010;6.54
Papua New Guinea;PNG;2011;6.32
Papua New Guinea;PNG;2012;6.32
Papua New Guinea;PNG;2013;6.36
Papua New Guinea;PNG;2014;6.03
Papua New Guinea;PNG;2015;6.03
Papua New Guinea;PNG;2016;6.03
Papua New Guinea;PNG;2017;6.03
Papua New Guinea;PNG;2018;6.03
Papua New Guinea;PNG;2019;6.03
Papua New Guinea;PNG;2020;6.1
Papua New Guinea;PNG;2021;6.1
Papua New Guinea;PNG;2022;5.97
Papua New Guinea;PNG;2023;6.03
Paraguay;PRY;2006;6.16
Paraguay;PRY;2008;6.4
Paraguay;PRY;2010;6.4
Paraguay;PRY;2011;6.4
Paraguay;PRY;2012;6.26
Paraguay;PRY;2013;6.26
Paraguay;PRY;2014;6.26
Paraguay;PRY;2015;6.33
Paraguay;PRY;2016;6.27
Paraguay;PRY;2017;6.31
Paraguay;PRY;2018;6.24
Paraguay;PRY;2019;6.24
Paraguay;PRY;2020;6.18
Paraguay;PRY;2021;5.86
Paraguay;PRY;2022;5.89
Paraguay;PRY;2023;6
Peru;PER;2006;6.11
Peru;PER;2008;6.31
Peru;PER;2010;6.4
Peru;PER;2011;6.59
Peru;PER;2012;6.47
Peru;PER;2013;6.54
Peru;PER;2014;6.54
Peru;PER;2015;6.58
Peru;PER;2016;6.65
Peru;PER;2017;6.49
Peru;PER;2018;6.6
Peru;PER;2019;6.6
Peru;PER;2020;6.53
Peru;PER;2021;6.09
Peru;PER;2022;5.92
Peru;PER;2023;5.81
Philippines;PHL;2006;6.48
Philippines;PHL;2008;6.12
Philippines;PHL;2010;6.12
Philippines;PHL;2011;6.12
Philippines;PHL;2012;6.3
Philippines;PHL;2013;6.41
Philippines;PHL;2014;6.77
Philippines;PHL;2015;6.84
Philippines;PHL;2016;6.94
Philippines;PHL;2017;6.71
Philippines;PHL;2018;6.71
Philippines;PHL;2019;6.64
Philippines;PHL;2020;6.56
Philippines;PHL;2021;6.62
Philippines;PHL;2022;6.73
Philippines;PHL;2023;6.66
Poland;POL;2006;7.3
Poland;POL;2008;7.3
Poland;POL;2010;7.05
Poland;POL;2011;7.12
Poland;POL;2012;7.12
Poland;POL;2013;7.12
Poland;POL;2014;7.47
Poland;POL;2015;7.09
Poland;POL;2016;6.83
Poland;POL;2017;6.67
Poland;POL;2018;6.67
Poland;POL;2019;6.62
Poland;POL;2020;6.85
Poland;POL;2021;6.8
Poland;POL;2022;7.04
Poland;POL;2023;7.18
Portugal;PRT;2006;8.16
Portugal;PRT;2008;8.05
Portugal;PRT;2010;8.02
Portugal;PRT;2011;7.81
Portugal;PRT;2012;7.92
Portugal;PRT;2013;7.65
Portugal;PRT;2014;7.79
Portugal;PRT;2015;7.79
Portugal;PRT;2016;7.86
Portugal;PRT;2017;7.84
Portugal;PRT;2018;7.84
Portugal;PRT;2019;8.03
Portugal;PRT;2020;7.9
Portugal;PRT;2021;7.82
Portugal;PRT;2022;7.95
Portugal;PRT;2023;7.75
Qatar;QAT;2006;2.78
Qatar;QAT;2008;2.92
Qatar;QAT;2010;3.09
Qatar;QAT;2011;3.18
Qatar;QAT;2012;3.18
Qatar;QAT;2013;3.18
Qatar;QAT;2014;3.18
Qatar;QAT;2015;3.18
Qatar;QAT;2016;3.18
Qatar;QAT;2017;3.19
Qatar;QAT;2018;3.19
Qatar;QAT;2019;3.19
Qatar;QAT;2020;3.24
Qatar;QAT;2021;3.65
Qatar;QAT;2022;3.65
Qatar;QAT;2023;3.65
Romania;ROU;2006;7.06
Romania;ROU;2008;7.06
Romania;ROU;2010;6.6
Romania;ROU;2011;6.54
Romania;ROU;2012;6.54
Romania;ROU;2013;6.54
Romania;ROU;2014;6.68
Romania;ROU;2015;6.68
Romania;ROU;2016;6.62
Romania;ROU;2017;6.44
Romania;ROU;2018;6.38
Romania;ROU;2019;6.49
Romania;ROU;2020;6.4
Romania;ROU;2021;6.43
Romania;ROU;2022;6.45
Romania;ROU;2023;6.45
Russia;RUS;2006;5.02
Russia;RUS;2008;4.48
Russia;RUS;2010;4.26
Russia;RUS;2011;3.92
Russia;RUS;2012;3.74
Russia;RUS;2013;3.59
Russia;RUS;2014;3.39
Russia;RUS;2015;3.31
Russia;RUS;2016;3.24
Russia;RUS;2017;3.17
Russia;RUS;2018;2.94
Russia;RUS;2019;3.11
Russia;RUS;2020;3.31
Russia;RUS;2021;3.24
Russia;RUS;2022;2.28
Russia;RUS;2023;2.22
Rwanda;RWA;2006;3.82
Rwanda;RWA;2008;3.71
Rwanda;RWA;2010;3.25
Rwanda;RWA;2011;3.25
Rwanda;RWA;2012;3.36
Rwanda;RWA;2013;3.38
Rwanda;RWA;2014;3.25
Rwanda;RWA;2015;3.07
Rwanda;RWA;2016;3.07
Rwanda;RWA;2017;3.19
Rwanda;RWA;2018;3.35
Rwanda;RWA;2019;3.16
Rwanda;RWA;2020;3.1
Rwanda;RWA;2021;3.1
Rwanda;RWA;2022;3.1
Rwanda;RWA;2023;3.3
Saudi Arabia;SAU;2006;1.92
Saudi Arabia;SAU;2008;1.9
Saudi Arabia;SAU;2010;1.84
Saudi Arabia;SAU;2011;1.77
Saudi Arabia;SAU;2012;1.71
Saudi Arabia;SAU;2013;1.82
Saudi Arabia;SAU;2014;1.82
Saudi Arabia;SAU;2015;1.93
Saudi Arabia;SAU;2016;1.93
Saudi Arabia;SAU;2017;1.93
Saudi Arabia;SAU;2018;1.93
Saudi Arabia;SAU;2019;1.93
Saudi Arabia;SAU;2020;2.08
Saudi Arabia;SAU;2021;2.08
Saudi Arabia;SAU;2022;2.08
Senegal;SEN;2006;5.37
Senegal;SEN;2008;5.37
Senegal;SEN;2010;5.27
Senegal;SEN;2011;5.51
Senegal;SEN;2012;6.09
Senegal;SEN;2013;6.15
Senegal;SEN;2014;6.15
Senegal;SEN;2015;6.08
Senegal;SEN;2016;6.21
Senegal;SEN;2017;6.15
Senegal;SEN;2018;6.15
Senegal;SEN;2019;5.81
Senegal;SEN;2020;5.67
Senegal;SEN;2021;5.53
Senegal;SEN;2022;5.72
Senegal;SEN;2023;5.48
Serbia;SRB;2006;6.62
Serbia;SRB;2008;6.49
Serbia;SRB;2010;6.33
Serbia;SRB;2011;6.33
Serbia;SRB;2012;6.33
Serbia;SRB;2013;6.67
Serbia;SRB;2014;6.71
Serbia;SRB;2015;6.71
Serbia;SRB;2016;6.57
Serbia;SRB;2017;6.41
Serbia;SRB;2018;6.41
Serbia;SRB;2019;6.41
Serbia;SRB;2020;6.22
Serbia;SRB;2021;6.36
Serbia;SRB;2022;6.33
Serbia;SRB;2023;6.33
Sierra Leone;SLE;2006;3.57
Sierra Leone;SLE;2008;4.11
Sierra Leone;SLE;2010;4.51
Sierra Leone;SLE;2011;4.51
Sierra Leone;SLE;2012;4.71
Sierra Leone;SLE;2013;4.64
Sierra Leone;SLE;2014;4.56
Sierra Leone;SLE;2015;4.55
Sierra Leone;SLE;2016;4.55
Sierra Leone;SLE;2017;4.66
Sierra Leone;SLE;2018;4.66
Sierra Leone;SLE;2019;4.86
Sierra Leone;SLE;2020;4.86
Sierra Leone;SLE;2021;4.97
Sierra Leone;SLE;2022;5.03
Sierra Leone;SLE;2023;4.32
Singapore;SGP;2006;5.89
Singapore;SGP;2008;5.89
Singapore;SGP;2010;5.89
Singapore;SGP;2011;5.89
Singapore;SGP;2012;5.88
Singapore;SGP;2013;5.92
Singapore;SGP;2014;6.03
Singapore;SGP;2015;6.14
Singapore;SGP;2016;6.38
Singapore;SGP;2017;6.32
Singapore;SGP;2018;6.38
Singapore;SGP;2019;6.02
Singapore;SGP;2020;6.03
Singapore;SGP;2021;6.23
Singapore;SGP;2022;6.22
Singapore;SGP;2023;6.18
Slovakia;SVK;2006;7.4
Slovakia;SVK;2008;7.33
Slovakia;SVK;2010;7.35
Slovakia;SVK;2011;7.35
Slovakia;SVK;2012;7.35
Slovakia;SVK;2013;7.35
Slovakia;SVK;2014;7.35
Slovakia;SVK;2015;7.29
Slovakia;SVK;2016;7.29
Slovakia;SVK;2017;7.16
Slovakia;SVK;2018;7.1
Slovakia;SVK;2019;7.17
Slovakia;SVK;2020;6.97
Slovakia;SVK;2021;7.03
Slovakia;SVK;2022;7.07
Slovakia;SVK;2023;7.07
Slovenia;SVN;2006;7.96
Slovenia;SVN;2008;7.96
Slovenia;SVN;2010;7.69
Slovenia;SVN;2011;7.76
Slovenia;SVN;2012;7.88
Slovenia;SVN;2013;7.88
Slovenia;SVN;2014;7.57
Slovenia;SVN;2015;7.57
Slovenia;SVN;2016;7.51
Slovenia;SVN;2017;7.5
Slovenia;SVN;2018;7.5
Slovenia;SVN;2019;7.5
Slovenia;SVN;2020;7.54
Slovenia;SVN;2021;7.54
Slovenia;SVN;2022;7.75
Slovenia;SVN;2023;7.75
South Africa;ZAF;2006;7.91
South Africa;ZAF;2008;7.91
South Africa;ZAF;2010;7.79
South Africa;ZAF;2011;7.79
South Africa;ZAF;2012;7.79
South Africa;ZAF;2013;7.9
South Africa;ZAF;2014;7.82
South Africa;ZAF;2015;7.56
South Africa;ZAF;2016;7.41
South Africa;ZAF;2017;7.24
South Africa;ZAF;2018;7.24
South Africa;ZAF;2019;7.24
South Africa;ZAF;2020;7.05
South Africa;ZAF;2021;7.05
South Africa;ZAF;2022;7.05
South Africa;ZAF;2023;7.05
South America;;2006;6.52
South America;;2008;6.588333
South America;;2010;6.554167
South America;;2011;6.5525002
South America;;2012;6.5416665
South America;;2013;6.5691667
South America;;2014;6.579167
South America;;2015;6.58
South America;;2016;6.545
South America;;2017;6.4874997
South America;;2018;6.5766664
South America;;2019;6.4575
South America;;2020;6.4424996
South America;;2021;6.200834
South America;;2022;6.2508335
South America;;2023;6.113333
South Korea;KOR;2006;7.88
South Korea;KOR;2008;8.01
South Korea;KOR;2010;8.11
South Korea;KOR;2011;8.06
South Korea;KOR;2012;8.13
South Korea;KOR;2013;8.06
South Korea;KOR;2014;8.06
South Korea;KOR;2015;7.97
South Korea;KOR;2016;7.92
South Korea;KOR;2017;8
South Korea;KOR;2018;8
South Korea;KOR;2019;8
South Korea;KOR;2020;8.01
South Korea;KOR;2021;8.16
South Korea;KOR;2022;8.03
South Korea;KOR;2023;8.09
Spain;ESP;2006;8.34
Spain;ESP;2008;8.45
Spain;ESP;2010;8.16
Spain;ESP;2011;8.02
Spain;ESP;2012;8.02
Spain;ESP;2013;8.02
Spain;ESP;2014;8.05
Spain;ESP;2015;8.3
Spain;ESP;2016;8.3
Spain;ESP;2017;8.08
Spain;ESP;2018;8.08
Spain;ESP;2019;8.29
Spain;ESP;2020;8.12
Spain;ESP;2021;7.94
Spain;ESP;2022;8.07
Spain;ESP;2023;8.07
Sri Lanka;LKA;2006;6.58
Sri Lanka;LKA;2008;6.61
Sri Lanka;LKA;2010;6.64
Sri Lanka;LKA;2011;6.58
Sri Lanka;LKA;2012;5.75
Sri Lanka;LKA;2013;5.69
Sri Lanka;LKA;2014;5.69
Sri Lanka;LKA;2015;6.42
Sri Lanka;LKA;2016;6.48
Sri Lanka;LKA;2017;6.48
Sri Lanka;LKA;2018;6.19
Sri Lanka;LKA;2019;6.27
Sri Lanka;LKA;2020;6.14
Sri Lanka;LKA;2021;6.14
Sri Lanka;LKA;2022;6.47
Sri Lanka;LKA;2023;6.17
Sudan;SDN;2006;2.9
Sudan;SDN;2008;2.81
Sudan;SDN;2010;2.42
Sudan;SDN;2011;2.38
Sudan;SDN;2012;2.38
Sudan;SDN;2013;2.54
Sudan;SDN;2014;2.54
Sudan;SDN;2015;2.37
Sudan;SDN;2016;2.37
Sudan;SDN;2017;2.15
Sudan;SDN;2018;2.15
Sudan;SDN;2019;2.7
Sudan;SDN;2020;2.54
Sudan;SDN;2021;2.47
Sudan;SDN;2022;2.47
Suriname;SUR;2006;6.52
Suriname;SUR;2008;6.58
Suriname;SUR;2010;6.65
Suriname;SUR;2011;6.65
Suriname;SUR;2012;6.65
Suriname;SUR;2013;6.77
Suriname;SUR;2014;6.77
Suriname;SUR;2015;6.77
Suriname;SUR;2016;6.77
Suriname;SUR;2017;6.76
Suriname;SUR;2018;6.98
Suriname;SUR;2019;6.98
Suriname;SUR;2020;6.82
Suriname;SUR;2021;6.82
Suriname;SUR;2022;6.95
Suriname;SUR;2023;6.88
Sweden;SWE;2006;9.88
Sweden;SWE;2008;9.88
Sweden;SWE;2010;9.5
Sweden;SWE;2011;9.5
Sweden;SWE;2012;9.73
Sweden;SWE;2013;9.73
Sweden;SWE;2014;9.73
Sweden;SWE;2015;9.45
Sweden;SWE;2016;9.39
Sweden;SWE;2017;9.39
Sweden;SWE;2018;9.39
Sweden;SWE;2019;9.39
Sweden;SWE;2020;9.26
Sweden;SWE;2021;9.26
Sweden;SWE;2022;9.39
Sweden;SWE;2023;9.39
Switzerland;CHE;2006;9.02
Switzerland;CHE;2008;9.15
Switzerland;CHE;2010;9.09
Switzerland;CHE;2011;9.09
Switzerland;CHE;2012;9.09
Switzerland;CHE;2013;9.09
Switzerland;CHE;2014;9.09
Switzerland;CHE;2015;9.09
Switzerland;CHE;2016;9.09
Switzerland;CHE;2017;9.03
Switzerland;CHE;2018;9.03
Switzerland;CHE;2019;9.03
Switzerland;CHE;2020;8.83
Switzerland;CHE;2021;8.9
Switzerland;CHE;2022;9.14
Switzerland;CHE;2023;9.14
Syria;SYR;2006;2.36
Syria;SYR;2008;2.18
Syria;SYR;2010;2.31
Syria;SYR;2011;1.99
Syria;SYR;2012;1.63
Syria;SYR;2013;1.86
Syria;SYR;2014;1.74
Syria;SYR;2015;1.43
Syria;SYR;2016;1.43
Syria;SYR;2017;1.43
Syria;SYR;2018;1.43
Syria;SYR;2019;1.43
Syria;SYR;2020;1.43
Syria;SYR;2021;1.43
Syria;SYR;2022;1.43
Taiwan;TWN;2006;7.82
Taiwan;TWN;2008;7.82
Taiwan;TWN;2010;7.52
Taiwan;TWN;2011;7.46
Taiwan;TWN;2012;7.57
Taiwan;TWN;2013;7.57
Taiwan;TWN;2014;7.65
Taiwan;TWN;2015;7.83
Taiwan;TWN;2016;7.79
Taiwan;TWN;2017;7.73
Taiwan;TWN;2018;7.73
Taiwan;TWN;2019;7.73
Taiwan;TWN;2020;8.94
Taiwan;TWN;2021;8.99
Taiwan;TWN;2022;8.99
Taiwan;TWN;2023;8.92
Tajikistan;TJK;2006;2.45
Tajikistan;TJK;2008;2.45
Tajikistan;TJK;2010;2.51
Tajikistan;TJK;2011;2.51
Tajikistan;TJK;2012;2.51
Tajikistan;TJK;2013;2.51
Tajikistan;TJK;2014;2.37
Tajikistan;TJK;2015;1.95
Tajikistan;TJK;2016;1.89
Tajikistan;TJK;2017;1.93
Tajikistan;TJK;2018;1.93
Tajikistan;TJK;2019;1.93
Tajikistan;TJK;2020;1.94
Tajikistan;TJK;2021;1.94
Tajikistan;TJK;2022;1.94
Tanzania;TZA;2006;5.18
Tanzania;TZA;2008;5.28
Tanzania;TZA;2010;5.64
Tanzania;TZA;2011;5.64
Tanzania;TZA;2012;5.88
Tanzania;TZA;2013;5.77
Tanzania;TZA;2014;5.77
Tanzania;TZA;2015;5.58
Tanzania;TZA;2016;5.76
Tanzania;TZA;2017;5.47
Tanzania;TZA;2018;5.41
Tanzania;TZA;2019;5.16
Tanzania;TZA;2020;5.1
Tanzania;TZA;2021;5.1
Tanzania;TZA;2022;5.1
Tanzania;TZA;2023;5.35
Thailand;THA;2006;5.67
Thailand;THA;2008;6.81
Thailand;THA;2010;6.55
Thailand;THA;2011;6.55
Thailand;THA;2012;6.55
Thailand;THA;2013;6.25
Thailand;THA;2014;5.39
Thailand;THA;2015;5.09
Thailand;THA;2016;4.92
Thailand;THA;2017;4.63
Thailand;THA;2018;4.63
Thailand;THA;2019;6.32
Thailand;THA;2020;6.04
Thailand;THA;2021;6.04
Thailand;THA;2022;6.67
Thailand;THA;2023;6.35
Togo;TGO;2006;1.75
Togo;TGO;2008;2.43
Togo;TGO;2010;3.45
Togo;TGO;2011;3.45
Togo;TGO;2012;3.45
Togo;TGO;2013;3.45
Togo;TGO;2014;3.45
Togo;TGO;2015;3.41
Togo;TGO;2016;3.32
Togo;TGO;2017;3.05
Togo;TGO;2018;3.1
Togo;TGO;2019;3.3
Togo;TGO;2020;2.8
Togo;TGO;2021;2.8
Togo;TGO;2022;2.99
Togo;TGO;2023;2.99
Trinidad and Tobago;TTO;2006;7.18
Trinidad and Tobago;TTO;2008;7.21
Trinidad and Tobago;TTO;2010;7.16
Trinidad and Tobago;TTO;2011;7.16
Trinidad and Tobago;TTO;2012;6.99
Trinidad and Tobago;TTO;2013;6.99
Trinidad and Tobago;TTO;2014;6.99
Trinidad and Tobago;TTO;2015;7.1
Trinidad and Tobago;TTO;2016;7.1
Trinidad and Tobago;TTO;2017;7.04
Trinidad and Tobago;TTO;2018;7.16
Trinidad and Tobago;TTO;2019;7.16
Trinidad and Tobago;TTO;2020;7.16
Trinidad and Tobago;TTO;2021;7.16
Trinidad and Tobago;TTO;2022;7.16
Trinidad and Tobago;TTO;2023;7.16
Tunisia;TUN;2006;3.06
Tunisia;TUN;2008;2.96
Tunisia;TUN;2010;2.79
Tunisia;TUN;2011;5.53
Tunisia;TUN;2012;5.67
Tunisia;TUN;2013;5.76
Tunisia;TUN;2014;6.31
Tunisia;TUN;2015;6.72
Tunisia;TUN;2016;6.4
Tunisia;TUN;2017;6.32
Tunisia;TUN;2018;6.41
Tunisia;TUN;2019;6.72
Tunisia;TUN;2020;6.59
Tunisia;TUN;2021;5.99
Tunisia;TUN;2022;5.51
Tunisia;TUN;2023;5.51
Turkey;TUR;2006;5.7
Turkey;TUR;2008;5.69
Turkey;TUR;2010;5.73
Turkey;TUR;2011;5.73
Turkey;TUR;2012;5.76
Turkey;TUR;2013;5.63
Turkey;TUR;2014;5.12
Turkey;TUR;2015;5.12
Turkey;TUR;2016;5.04
Turkey;TUR;2017;4.88
Turkey;TUR;2018;4.37
Turkey;TUR;2019;4.09
Turkey;TUR;2020;4.48
Turkey;TUR;2021;4.35
Turkey;TUR;2022;4.35
Turkey;TUR;2023;4.33
Turkmenistan;TKM;2006;1.83
Turkmenistan;TKM;2008;1.72
Turkmenistan;TKM;2010;1.72
Turkmenistan;TKM;2011;1.72
Turkmenistan;TKM;2012;1.72
Turkmenistan;TKM;2013;1.72
Turkmenistan;TKM;2014;1.83
Turkmenistan;TKM;2015;1.83
Turkmenistan;TKM;2016;1.83
Turkmenistan;TKM;2017;1.72
Turkmenistan;TKM;2018;1.72
Turkmenistan;TKM;2019;1.72
Turkmenistan;TKM;2020;1.72
Turkmenistan;TKM;2021;1.66
Turkmenistan;TKM;2022;1.66
Uganda;UGA;2006;5.14
Uganda;UGA;2008;5.03
Uganda;UGA;2010;5.05
Uganda;UGA;2011;5.13
Uganda;UGA;2012;5.16
Uganda;UGA;2013;5.22
Uganda;UGA;2014;5.22
Uganda;UGA;2015;5.22
Uganda;UGA;2016;5.26
Uganda;UGA;2017;5.09
Uganda;UGA;2018;5.2
Uganda;UGA;2019;5.02
Uganda;UGA;2020;4.94
Uganda;UGA;2021;4.48
Uganda;UGA;2022;4.55
Uganda;UGA;2023;4.49
Ukraine;UKR;2006;6.94
Ukraine;UKR;2008;6.94
Ukraine;UKR;2010;6.3
Ukraine;UKR;2011;5.94
Ukraine;UKR;2012;5.91
Ukraine;UKR;2013;5.84
Ukraine;UKR;2014;5.42
Ukraine;UKR;2015;5.7
Ukraine;UKR;2016;5.7
Ukraine;UKR;2017;5.69
Ukraine;UKR;2018;5.69
Ukraine;UKR;2019;5.9
Ukraine;UKR;2020;5.81
Ukraine;UKR;2021;5.57
Ukraine;UKR;2022;5.42
Ukraine;UKR;2023;5.06
United Arab Emirates;ARE;2006;2.42
United Arab Emirates;ARE;2008;2.6
United Arab Emirates;ARE;2010;2.52
United Arab Emirates;ARE;2011;2.58
United Arab Emirates;ARE;2012;2.58
United Arab Emirates;ARE;2013;2.52
United Arab Emirates;ARE;2014;2.64
United Arab Emirates;ARE;2015;2.75
United Arab Emirates;ARE;2016;2.75
United Arab Emirates;ARE;2017;2.69
United Arab Emirates;ARE;2018;2.76
United Arab Emirates;ARE;2019;2.76
United Arab Emirates;ARE;2020;2.7
United Arab Emirates;ARE;2021;2.9
United Arab Emirates;ARE;2022;2.9
United Arab Emirates;ARE;2023;3.01
United Kingdom;GBR;2006;8.08
United Kingdom;GBR;2008;8.15
United Kingdom;GBR;2010;8.16
United Kingdom;GBR;2011;8.16
United Kingdom;GBR;2012;8.21
United Kingdom;GBR;2013;8.31
United Kingdom;GBR;2014;8.31
United Kingdom;GBR;2015;8.31
United Kingdom;GBR;2016;8.36
United Kingdom;GBR;2017;8.53
United Kingdom;GBR;2018;8.53
United Kingdom;GBR;2019;8.52
United Kingdom;GBR;2020;8.54
United Kingdom;GBR;2021;8.1
United Kingdom;GBR;2022;8.28
United Kingdom;GBR;2023;8.28
United States;USA;2006;8.22
United States;USA;2008;8.22
United States;USA;2010;8.18
United States;USA;2011;8.11
United States;USA;2012;8.11
United States;USA;2013;8.11
United States;USA;2014;8.11
United States;USA;2015;8.05
United States;USA;2016;7.98
United States;USA;2017;7.98
United States;USA;2018;7.96
United States;USA;2019;7.96
United States;USA;2020;7.92
United States;USA;2021;7.85
United States;USA;2022;7.85
United States;USA;2023;7.85
Uruguay;URY;2006;7.96
Uruguay;URY;2008;8.08
Uruguay;URY;2010;8.1
Uruguay;URY;2011;8.17
Uruguay;URY;2012;8.17
Uruguay;URY;2013;8.17
Uruguay;URY;2014;8.17
Uruguay;URY;2015;8.17
Uruguay;URY;2016;8.17
Uruguay;URY;2017;8.12
Uruguay;URY;2018;8.38
Uruguay;URY;2019;8.38
Uruguay;URY;2020;8.61
Uruguay;URY;2021;8.85
Uruguay;URY;2022;8.91
Uruguay;URY;2023;8.66
Uzbekistan;UZB;2006;1.85
Uzbekistan;UZB;2008;1.74
Uzbekistan;UZB;2010;1.74
Uzbekistan;UZB;2011;1.74
Uzbekistan;UZB;2012;1.72
Uzbekistan;UZB;2013;1.72
Uzbekistan;UZB;2014;2.45
Uzbekistan;UZB;2015;1.95
Uzbekistan;UZB;2016;1.95
Uzbekistan;UZB;2017;1.95
Uzbekistan;UZB;2018;2.01
Uzbekistan;UZB;2019;2.01
Uzbekistan;UZB;2020;2.12
Uzbekistan;UZB;2021;2.12
Uzbekistan;UZB;2022;2.12
Venezuela;VEN;2006;5.42
Venezuela;VEN;2008;5.34
Venezuela;VEN;2010;5.18
Venezuela;VEN;2011;5.08
Venezuela;VEN;2012;5.15
Venezuela;VEN;2013;5.07
Venezuela;VEN;2014;5.07
Venezuela;VEN;2015;5
Venezuela;VEN;2016;4.68
Venezuela;VEN;2017;3.87
Venezuela;VEN;2018;3.16
Venezuela;VEN;2019;2.88
Venezuela;VEN;2020;2.76
Venezuela;VEN;2021;2.11
Venezuela;VEN;2022;2.23
Venezuela;VEN;2023;2.31
Vietnam;VNM;2006;2.75
Vietnam;VNM;2008;2.53
Vietnam;VNM;2010;2.94
Vietnam;VNM;2011;2.96
Vietnam;VNM;2012;2.89
Vietnam;VNM;2013;3.29
Vietnam;VNM;2014;3.41
Vietnam;VNM;2015;3.53
Vietnam;VNM;2016;3.38
Vietnam;VNM;2017;3.08
Vietnam;VNM;2018;3.08
Vietnam;VNM;2019;3.08
Vietnam;VNM;2020;2.94
Vietnam;VNM;2021;2.94
Vietnam;VNM;2022;2.73
Vietnam;VNM;2023;2.62
World;OWID_WRL;2006;5.5192814
World;OWID_WRL;2008;5.5476646
World;OWID_WRL;2010;5.4623356
World;OWID_WRL;2011;5.4905987
World;OWID_WRL;2012;5.519401
World;OWID_WRL;2013;5.534132
World;OWID_WRL;2014;5.548024
World;OWID_WRL;2015;5.552994
World;OWID_WRL;2016;5.5200596
World;OWID_WRL;2017;5.475449
World;OWID_WRL;2018;5.478563
World;OWID_WRL;2019;5.4396405
World;OWID_WRL;2020;5.3697605
World;OWID_WRL;2021;5.2813773
World;OWID_WRL;2022;5.293174
World;OWID_WRL;2023;5.686757
Yemen;YEM;2006;2.98
Yemen;YEM;2008;2.95
Yemen;YEM;2010;2.64
Yemen;YEM;2011;2.57
Yemen;YEM;2012;3.12
Yemen;YEM;2013;2.79
Yemen;YEM;2014;2.79
Yemen;YEM;2015;2.24
Yemen;YEM;2016;2.07
Yemen;YEM;2017;2.07
Yemen;YEM;2018;1.95
Yemen;YEM;2019;1.95
Yemen;YEM;2020;1.95
Yemen;YEM;2021;1.95
Yemen;YEM;2022;1.95
Zambia;ZMB;2006;5.25
Zambia;ZMB;2008;5.25
Zambia;ZMB;2010;5.68
Zambia;ZMB;2011;6.19
Zambia;ZMB;2012;6.26
Zambia;ZMB;2013;6.26
Zambia;ZMB;2014;6.39
Zambia;ZMB;2015;6.28
Zambia;ZMB;2016;5.99
Zambia;ZMB;2017;5.68
Zambia;ZMB;2018;5.61
Zambia;ZMB;2019;5.09
Zambia;ZMB;2020;4.86
Zambia;ZMB;2021;5.72
Zambia;ZMB;2022;5.8
Zambia;ZMB;2023;5.8
Zimbabwe;ZWE;2006;2.62
Zimbabwe;ZWE;2008;2.53
Zimbabwe;ZWE;2010;2.64
Zimbabwe;ZWE;2011;2.68
Zimbabwe;ZWE;2012;2.67
Zimbabwe;ZWE;2013;2.67
Zimbabwe;ZWE;2014;2.78
Zimbabwe;ZWE;2015;3.05
Zimbabwe;ZWE;2016;3.05
Zimbabwe;ZWE;2017;3.16
Zimbabwe;ZWE;2018;3.16
Zimbabwe;ZWE;2019;3.16
Zimbabwe;ZWE;2020;3.16
Zimbabwe;ZWE;2021;2.92
Zimbabwe;ZWE;2022;2.92
Zimbabwe;ZWE;2023;3.04
